landmark_name,landmark_address
(주)교보문고,서울특별시 종로구 종로 1(종로1가)
119특수구조단뚝섬수난구조대,서울특별시 광진구 강변북로 26
150년수령느티나무,서울특별시 양천구 목4동 760-28
159안국,서울특별시 종로구 안국동 159
1m아트홀,서울특별시 종로구 동숭동 1-45
2001아울렛,서울특별시 구로구 중앙로 1길 36 2001아울렛
3.1독립선언기념탑,서울특별시 서대문구 현저동 101
4.19민주혁명기념도서관,서울특별시 종로구 새문안로 17 4.19기념도서관
4.19학생혁명기념탑,서울특별시 강북구 수유동 산9-1
63스퀘어,서울특별시 영등포구 여의도동 60
63시티,서울특별시 영등포구 63로 50 한화금융센터_63
63아트,서울특별시 영등포구 여의도동 60
aA디자인뮤지엄,서울특별시 마포구 서교동 408-11
AHC스파,서울특별시 강남구 도산대로 237(신사동)
aT센터(에이티센터),서울특별시 서초구 양재동 232
CGV건대입구,서울특별시 광진구 아차산로30길 26
CRCollective,서울특별시 마포구 연남동 504-29 일심빌딩 2층
DDP패션몰,서울특별시 중구 신당동 251-7
DMC래미안e편한세상1단지,서울특별시 서대문구 수색로 100
DMC래미안e편한세상2단지,서울특별시 서대문구 수색로 100
DMC래미안e편한세상3단지,서울특별시 서대문구 수색로 100
DMC래미안클라시스,서울특별시 서대문구 증가로 191
DMC롯데캐슬더퍼스트,서울특별시 은평구 수색동 327-14
DMC센트럴아이파크,서울특별시 서대문구 증가로 150
DMC아이파크,서울특별시 서대문구 거북골로14길 32
DMC에코자이,서울특별시 서대문구 거북골로 84
DMC우방아파트,서울특별시 은평구 증산동 244
DMC청구아파트,서울특별시 은평구 수색동 413
DMC홍보관,서울특별시 마포구 월드컵북로 366(상암동)
D뮤지엄,서울특별시 용산구 한남동 50-1 Replace한남 F동
e편한세상송파파크센트럴,서울특별시 송파구 오금로 551
e편한세상신촌1단지,서울특별시 서대문구 북아현로1가길 20
e편한세상신촌2단지,서울특별시 서대문구 북아현로1길 17
e편한세상신촌3단지,서울특별시 서대문구 북아현로 29
Farm8팜아카데미,서울특별시 동작구 상도1동 702-1
G밸리패션지원센터,서울특별시 금천구 디지털로10길 9(가산동) 현대시티아울렛 가산점
HMM,서울특별시 종로구 연지동 1-7
IFC몰,서울특별시 영등포구 여의도동 23
JCC아트센터,서울특별시 종로구 혜화동 53-21
JCC크리에이티브센터,서울특별시 종로구 창경궁로35길 45
JTBC,서울특별시 마포구 상암산로 38
JW메리어트동대문스퀘어서울,서울특별시 종로구 청계천로 279
JW메리어트호텔서울,서울특별시 서초구 신반포로 176
K-Taekwonschool태권도체험,서울특별시 강동구 고덕로 96(암사동)
KAC한국공항공사_본사,서울특별시 강서구 과해동 676
KAIST서울캠퍼스,서울특별시 동대문구 청량리동 207-42
KBS,서울특별시 영등포구 여의도동 18
KBS스포츠월드,서울특별시 강서구 화곡동 1093-76
KBS아레나,서울특별시 강서구 화곡동 1093-76
KBS온,서울특별시 영등포구 여의공원로 13
KCDF갤러리,서울특별시 종로구 관훈동 182-2
KC대학교,서울특별시 강서구 화곡동 1123-39
KOCCA콘텐츠문화광장,서울특별시 동대문구 청량리동 206-9
KT&G상상마당,서울특별시 마포구 어울마당로 65 상상마당빌딩
K현대미술관,서울특별시 강남구 신사동 666-7
LG사이언스홀,서울특별시 영등포구 여의대로 128
LG아트센터,서울특별시 강남구 논현로 508(역삼동)
LG한강자이아파트,서울특별시 용산구 이촌로64길 15
MBCWORLD(견학홀),서울특별시 마포구 성암로 267(상암동)
mbc아카데미원격평생교육원,서울특별시 종로구 창경궁로35길 35
M컨템포러리,서울특별시 강남구 역삼동 602 1F
NC백화점[강서],서울특별시 강서구 등촌동 689
NC백화점[구로],서울특별시 구로구 구로동 573
NC백화점[불광],서울특별시 은평구 대조동 240
NC백화점[송파],서울특별시 송파구 문정동 634
N서울타워,서울특별시 용산구 남산공원길 105
PLAYONEPIECE,서울특별시 마포구 와우산로 101
PMF자양스테이션,서울특별시 광진구 자양동 630-41
SH아트홀,서울특별시 종로구 동숭동 1-131
SJ쿤스트할레[문화공간],서울특별시 강남구 언주로148길 5(논현동)
SNKRS,서울특별시 마포구 와우산로 78
SPA1899동인비,서울특별시 강남구 영동대로 416(대치동)
tbs교통방송,서울특별시 마포구 매봉산로 31(상암동) S-PLEX CENTER
TheK호텔서울,서울특별시 서초구 양재동 202
UM갤러리,서울특별시 강남구 압구정로12길 25(신사동) 3층
W몰,서울특별시 금천구 디지털로 188
YTN,서울특별시 마포구 상암산로 76(상암동) YTN 뉴스퀘어
가든파이브,서울특별시 송파구 문정동 634
가락몰5관(씨푸드),서울특별시 송파구 양재대로 932
가락몰SAFF타워(업무동),서울특별시 송파구 양재대로 932
가락몰입구,서울특별시 송파구 가락동
가락삼익아파트,서울특별시 송파구 오금로32길 5
가락시장,서울특별시 송파구 가락동 600
가람어린이공원,서울특별시 은평구 불광동 448-11
가람화랑,서울특별시 종로구 관훈동 30-10
가로수길,서울특별시 강남구 신사동
가린열공원,서울특별시 구로구 개봉동
가산생활문화센터,서울특별시 금천구 가산동 142-45
가재울중앙공원,서울특별시 서대문구 북가좌동 480
가톨릭대학교성신교정도서관,서울특별시 종로구 혜화동 90-1
가톨릭대학교성의교정_성의회관,서울특별시 서초구 반포동 산38-2
가톨릭청소년회관,"서울특별시 종로구 대학로 156 동성중고교,카톨릭청소년회관"
가회동성당,서울특별시 종로구 가회동 30-3
가회민화박물관,서울특별시 종로구 북촌로12길 17 북촌로 52
간데메공원,서울특별시 동대문구 답십리동 471
간송옛집,서울특별시 도봉구 방학동 430
갈곡리어린이공원,서울특별시 은평구 갈현동436-51
갈현1단지e-편한세상아파트,서울특별시 은평구 구산동 547
갈현동현대아파트,서울특별시 은평구 구산동 382
감고당길,서울특별시 종로구 안국동
감로천생태공원,서울특별시 금천구 독산동 373
감리교신학대학교,서울특별시 서대문구 냉천동 31
강가햇살어린이놀이터,서울특별시 광진구 자양동
강남개포시장,서울특별시 강남구 개포2동 186-16
강남고속버스터미널(경부),서울특별시 서초구 신반포로 194
강남구립정다운도서관,서울특별시 강남구 학동로67길 11
강남구민체육관,서울특별시 강남구 개포동 1271
강남구보건소,"서울특별시 강남구 선릉로 668 강남구보건소,강남구립국제교육원"
강남구청,서울특별시 강남구 학동로 426 강남구청
강남구청역,서울특별시 강남구 학동로 346
강남논현데이케어센터,서울특별시 강남구 논현로136길 5-8
강남도서관,서울특별시 강남구 삼성동 28
강남문화원,서울특별시 강남구 테헤란로8길 36(역삼동)
강남서초교육지원청,서울특별시 강남구 삼성2동 28
강남세무서,서울특별시 강남구 학동로 425 강남세무서
강남세브란스병원,서울특별시 강남구 도곡동 146-92
강남스타일말춤손목조형물,서울특별시 강남구 영동대로 513
강남스포츠문화센터,서울특별시 강남구 수서동 718
강남역,서울특별시 강남구 강남대로 396
강남역사거리,서울특별시 서초구 서초동
강남을지대학교병원,서울특별시 강남구 도산대로 202 강남을지병원
강남중앙침례교회,서울특별시 강남구 학동로46길 5 교회
강남차병원,서울특별시 강남구 역삼동 650-11
강남청담문화센터,서울특별시 강남구 청담동 124-1
강남청소년수련관,서울특별시 강남구 영동대로131길 26 강남청소년수련관
강남패밀리호텔,서울특별시 강남구 봉은사로 143 운현오피스텔
강동구립해공도서관,서울특별시 강동구 천호동 360
강동구민회관,서울특별시 강동구 천호동 41
강동구청,서울특별시 강동구 성내동 540
강동롯데캐슬퍼스트,서울특별시 강동구 암사3동 고덕로 131
강동아트센터,서울특별시 강동구 상일동 477
강동어린이회관,서울특별시 강동구 성내로6길 16 강동어린이회관
강동예찬시비,서울특별시 강동구 천호동 471-192
강변어린이공원,서울특별시 용산구 이촌동 408
강북구청,서울특별시 강북구 도봉로89길 13 강북구청
강북문화예술회관,서울특별시 강북구 수유동 360-10
강북문화원,서울특별시 강북구 삼각산로 85(수유동)
강북문화정보도서관,서울특별시 강북구 번동 산27-108
강북북부시장,서울특별시 강북구 한천로123길 26
강북삼성병원,서울특별시 종로구 평동 108-1
강북웰빙스포츠센터,서울특별시 강북구 번동 318
강서구립가양도서관,서울특별시 강서구 가양동 1493
강서구립등빛도서관,서울특별시 강서구 등촌동 690-1
강서구민올림픽체육센터,서울특별시 강서구 등촌동 707-3
강서구청,서울특별시 강서구 화곡로 302 강서구청
강서문화원,서울특별시 강서구 화곡동 111-90
강서소방서개화119안전센터,서울특별시 강서구 개화동로19길 8
강서청소년회관,서울특별시 강서구 공항대로42길 23-19 강서청소년회관
강서한강공원,서울특별시 강서구 방화동 2-32
강제징용노동자상,서울특별시 용산구 한강로3가 40-999
강촌아파트,서울특별시 용산구 이촌로87길 13
강풀만화거리,서울특별시 강동구 천호대로168가길 38-3
개봉교회,서울특별시 구로구 개봉로 16가길 20
개봉동성당,서울특별시 구로구 개봉로 18길 11
개봉역,서울특별시 구로구 경인로 40길47
개봉푸르지오,서울특별시 구로구 남부순환로 775
개운산스포츠센터,서울특별시 성북구 북악산로 949-60 성북구의회청사
갤러리3안,서울특별시 종로구 삼청동 27-22
갤러리B,서울특별시 강남구 청담동 9-7
갤러리JJ,서울특별시 강남구 논현로 745(논현동)
갤러리M,서울특별시 종로구 인사동4길 12(낙원동)
갤러리S.P,서울특별시 용산구 회나무로44가길 30(이태원동)
갤러리구루지,서울특별시 구로구 구로동 102
갤러리라메르,서울특별시 종로구 인사동5길 26(관훈동)
갤러리룩스,서울특별시 종로구 필운대로7길 12(옥인동)
갤러리마노,서울특별시 강남구 압구정로46길 71(신사동)
갤러리미,서울특별시 강남구 청담동 118-17
갤러리서림,서울특별시 강남구 학동로 523(청담동)
갤러리스클로,서울특별시 중구 다산로16길 29(신당동)
갤러리시몬,서울특별시 종로구 자하문로6길 20(통의동)
갤러리아트링크,서울특별시 종로구 율곡로3길 66-17(안국동)
갤러리아트사이드,서울특별시 종로구 자하문로6길 15(통의동)
갤러리아팰리스,서울특별시 송파구 올림픽로 212
갤러리에이엠,서울특별시 종로구 팔판길 23(팔판동)
갤러리우림,서울특별시 종로구 관훈동 30-27
갤러리원,서울특별시 강남구 압구정로71길 14(청담동)
갤러리위,서울특별시 강남구 청담동 22-23
갤러리위앤,서울특별시 마포구 양화로16길 14-16(서교동)
갤러리인데코,서울특별시 강남구 신사동 615-4
갤러리조선,서울특별시 종로구 북촌로5길 64(소격동)
갤러리피치,서울특별시 강남구 청담동 122-22
갤러리한,서울특별시 종로구 인사동10길 23-4(경운동)
갤러리현대본관,서울특별시 종로구 사간동 122
거리공원,서울특별시 구로구 구로동
거북골근린공원,서울특별시 은평구 갈현동 산145-29
건국대학교박물관,서울특별시 광진구 능동로 120 건국대학교
건국대학교병원,서울특별시 광진구 화양동 4-12
건국대학교서울캠퍼스,서울특별시 광진구 화양동 1
건국대학교서울캠퍼스_KU씨네마테크,서울특별시 광진구 화양동 1
건국대학교서울캠퍼스_공간정보연구실,서울특별시 광진구 화양동 1
건국대학교서울캠퍼스_공과대학,서울특별시 광진구 화양동 1
건국대학교서울캠퍼스_공예관,서울특별시 광진구 화양동 1
건국대학교서울캠퍼스_공학관,서울특별시 광진구 화양동 1
건국대학교서울캠퍼스_교육과학관,서울특별시 광진구 화양동 1
건국대학교서울캠퍼스_교육연수원,서울특별시 광진구 화양동 1
건국대학교서울캠퍼스_국제학사,서울특별시 광진구 화양동 1
건국대학교서울캠퍼스_노천극장,서울특별시 광진구 화양동 393-1
건국대학교서울캠퍼스_도정궁경원당,서울특별시 광진구 화양동 1
건국대학교서울캠퍼스_동물생명과학관,서울특별시 광진구 화양동 1
건국대학교서울캠퍼스_드림홀,서울특별시 광진구 화양동 1
건국대학교서울캠퍼스_레이크홀,서울특별시 광진구 화양동 1
건국대학교서울캠퍼스_법과대학,서울특별시 광진구 화양동 1
건국대학교서울캠퍼스_비젼홀,서울특별시 광진구 화양동 1
건국대학교서울캠퍼스_산학협동관,서울특별시 광진구 화양동 1
건국대학교서울캠퍼스_상허유석창박사동상,서울특별시 광진구 화양동 4-1
건국대학교서울캠퍼스_생명과학관,서울특별시 광진구 화양동 1
건국대학교서울캠퍼스_생명과학관부속동,서울특별시 광진구 화양동 1
건국대학교서울캠퍼스_의생명과학연구관,서울특별시 광진구 화양동 1
건국대학교서울캠퍼스_이과대학,서울특별시 광진구 화양동 1
건국대학교서울캠퍼스_인문학관,서울특별시 광진구 화양동 1
건국대학교서울캠퍼스_인문학관강의동,서울특별시 광진구 화양동 1
건국대학교서울캠퍼스_일감호,서울특별시 광진구 화양동 393-1
건국대학교서울캠퍼스_입학정보관,서울특별시 광진구 화양동 1
건국대학교서울캠퍼스_제1학생회관,서울특별시 광진구 화양동 1
건국대학교서울캠퍼스_제2학생회관,서울특별시 광진구 화양동 1
건국대학교서울캠퍼스_창의관,서울특별시 광진구 화양동 1
건국대학교서울캠퍼스_프론티어홀,서울특별시 광진구 화양동 1
건대맛의거리,서울특별시 광진구 화양동
건대양꼬치골목,서울특별시 광진구 자양동 6-21
건대입구역사거리,서울특별시 광진구 화양동
건설회관,서울특별시 강남구 언주로 711
건영옴니백화점,서울특별시 노원구 섬밭로 258
건영한가람아파트,서울특별시 용산구 이촌로 201
겸재정선미술관,서울특별시 강서구 가양동 243-1
경기고교앞사거리,서울특별시 강남구 청담동
경기대학교서울캠퍼스,서울특별시 서대문구 충정로2가 68-13
경기여고경운박물관(서울),서울특별시 강남구 삼성로 29(개포동) 경기여고 100주년기념관
경남아파트,서울특별시 성북구 정릉로 305
경동고등학교,서울특별시 성북구 보문로29길 49 경동고등학교
경동시장,서울특별시 동대문구 제기동 1019
경리단길,서울특별시 용산구 이태원동
경복궁,서울특별시 종로구 세종로 1-91
경운궁중명전,서울특별시 중구 정동
경의선숲길사랑방,서울특별시 용산구 용문동
경의선책거리,서울특별시 마포구 와우산로37길 35
경인미술관,서울특별시 종로구 인사동10길 11-4(관훈동)
경찰박물관,서울특별시 종로구 신문로2가 58
경찰혼,서울특별시 영등포구 당산동3가 2-11
경춘선숲길,서울특별시 노원구 공릉동 272-2
경향신문사,서울특별시 중구 정동길 3 경향신문사건물
경희궁,서울특별시 종로구 새문안로 45 경희궁
경희궁공원,서울특별시 종로구 신문로2가 1-126
경희궁자이2단지,서울특별시 종로구 홍파동 199
경희궁자이3단지,서울특별시 종로구 경교장길 35
경희대학교서울캠퍼스,서울특별시 동대문구 회기동 1-5
경희대학교서울캠퍼스_간호과학대학,서울특별시 동대문구 회기동 1-5
경희대학교서울캠퍼스_관광대학원,서울특별시 동대문구 회기동 1-5
경희대학교서울캠퍼스_네오르네상스관,서울특별시 동대문구 회기동 1-5
경희대학교서울캠퍼스_무용학관,서울특별시 동대문구 이문동 1-3
경희대학교서울캠퍼스_문과대학,서울특별시 동대문구 이문동 1-5
경희대학교서울캠퍼스_미술대학,서울특별시 동대문구 회기동 1-5
경희대학교서울캠퍼스_법과대학,서울특별시 동대문구 이문동 1-5
경희대학교서울캠퍼스_본관,서울특별시 동대문구 회기동 1-5
경희대학교서울캠퍼스_의과대학,서울특별시 동대문구 회기동 1-5
경희대학교서울캠퍼스_정경대학,서울특별시 동대문구 이문동 1-5
경희대학교서울캠퍼스_치과대학,서울특별시 동대문구 회기동 1-5
경희대학교서울캠퍼스_크라운관,서울특별시 동대문구 이문동 1-3
경희대학교서울캠퍼스_학생회관,서울특별시 동대문구 이문동 1-3
경희대학교서울캠퍼스_한의과대학,서울특별시 동대문구 회기동 1-5
경희대학교자연사박물관,서울특별시 동대문구 경희대로 26(회기동)
경희대학교중앙박물관,서울특별시 동대문구 회기동 1
경희의료원,서울특별시 동대문구 회기동 1-5
경희의료원_통합진료센터,서울특별시 동대문구 회기동 1-5
경희의료원_후마니타스암병원,서울특별시 동대문구 회기동 1-5
고덕 래미안힐스테이트,서울특별시 강동구 아리수로50길 50
고려대학교,서울특별시 성북구 안암로 145
고려대학교구로병원,서울특별시 구로구 구로동 80
고려대학교박물관,서울특별시 성북구 안암동5가 1-2
고려대학교서울캠퍼스_경영본관,서울특별시 성북구 안암동5가 126-28
고려대학교서울캠퍼스_공학관,서울특별시 성북구 안암동5가 126-16
고려대학교서울캠퍼스_국제관,서울특별시 성북구 안암동5가 126-28
고려대학교서울캠퍼스_로봇융합관,서울특별시 성북구 안암동5가 126-16
고려대학교서울캠퍼스_본관,서울특별시 성북구 안암동5가 126-28
고려대학교서울캠퍼스_산학관,서울특별시 성북구 안암동5가 126-16
고려대학교서울캠퍼스_신공학관,서울특별시 성북구 안암동5가 126-16
고려대학교서울캠퍼스_아산이학관,서울특별시 성북구 안암동5가 126-16
고려대학교서울캠퍼스_이학관별관,서울특별시 성북구 안암동5가 126-16
고려대학교서울캠퍼스_창의관,서울특별시 성북구 안암동5가 126-16
고려대학교인촌기념관,서울특별시 성북구 안암동5가 1-2
고용노동부서울관악고용센터,서울특별시 구로구 디지털로34길 27
고척근린공원,서울특별시 구로구 고척로45길 39
고척동대우푸르지오아파트,서울특별시 구로구 고척로 296
고척스카이돔,서울특별시 구로구 경인로 430 고척스카이돔
고척파크푸르지오,서울특별시 구로구 중앙로 121
곰달래도서관,서울특별시 강서구 화곡동 890
공덕삼성래미안4차아파트,서울특별시 마포구 마포대로11길 50
공덕삼성래미안5차아파트,서울특별시 마포구 마포대로 173-15
공덕시장,서울특별시 마포구 공덕동 256-10
공릉동도깨비시장,서울특별시 노원구 공릉1동 566-20
공평도시유적전시관,서울특별시 종로구 공평동 17
공항동문화체육센터,서울특별시 강서구 공항동 60-28
과자박물관스위트팩토리,서울특별시 영등포구 양평로21길 10
관세박물관,서울특별시 강남구 언주로 721(논현동)
관악구민종합체육센터,서울특별시 관악구 봉천동 225
관악구청,서울특별시 관악구 관악로 145
관악문화재단,서울특별시 관악구 신림동 209-1
관악산공원야외식물원,서울특별시 관악구 신림동 205-1
관악산야외식물원,서울특별시 관악구 신림동 205-1
관악신사시장,서울특별시 관악구 신림동 494
관음사,서울특별시 관악구 남현동 519-3
관훈갤러리,서울특별시 종로구 관훈동 195
광나루안전체험관,서울특별시 광진구 능동 18-61
광륜사,서울특별시 도봉구 도봉동 401
광석교회,서울특별시 동대문구 왕산로26길 49
광운대학교,서울특별시 노원구 월계동 447-1
광운대학교_노천극장,서울특별시 노원구 월계동 447-1
광운대학교_누리관,서울특별시 노원구 월계동 505-2
광운대학교_다산재,서울특별시 노원구 월계동 447-1
광운대학교_동해문화예술관,서울특별시 노원구 월계동 447-1
광운대학교_복지관,서울특별시 노원구 월계동 447-1
광운대학교_비마관,서울특별시 노원구 월계동 447-1
광운대학교_새빛관,서울특별시 노원구 월계동 447-1
광운대학교_승리관,서울특별시 노원구 월계동 447-46
광운대학교_아이스링크장,서울특별시 노원구 월계동 466
광운대학교_연구관,서울특별시 노원구 월계동 466
광운대학교_옥의관,서울특별시 노원구 월계동 447-1
광운대학교_중앙도서관,서울특별시 노원구 월계동 447-1
광운대학교_참빛관,서울특별시 노원구 월계동 447-1
광운대학교_한울관,서울특별시 노원구 월계동 466
광운대학교_한천재,서울특별시 노원구 월계동 465-25
광운대학교_화도관,서울특별시 노원구 월계동 447-1
광장사거리,서울특별시 광진구 광장동
광장시장,서울특별시 종로구 창경궁로 88
광진광장,서울특별시 광진구 광나루로 389
광진교,서울특별시 강동구 천호동
광진구민체육센터,서울특별시 광진구 구천면로 2
광진구의회,서울특별시 광진구 능동로 76 광진문화예술회관 및 구의회청사
광진구청,서울특별시 광진구 자양로 117 광진구청
광진노인종합복지관,서울특별시 광진구 군자로 88
광진문화예술회관,서울특별시 광진구 능동로 76 광진문화예술회관 및 구의회청사
광진소방서,서울특별시 광진구 광나루로 480 광진소방서
광진정보도서관,서울특별시 광진구 광장동 113
광진청소년센터,서울특별시 광진구 구천면로 2
광통교,서울특별시 종로구 서린동
광화문,서울특별시 종로구 효자로 12
광화문광장,서울특별시 종로구 세종대로 172
광화문아트홀,서울특별시 종로구 사직동 284-1
광흥당,서울특별시 마포구 독막로21길 15(창전동)
광희동사거리,서울특별시 중구 광희동2가
광희문,서울특별시 중구 광희동2가
광희패션몰,서울특별시 중구 신당동 777
교보강남타워,서울특별시 서초구 서초동 1303-22
교보타워사거리,서울특별시 서초구 서초동
구공업전습소본관,서울특별시 종로구 동숭동 199-51
구구갤러리,서울특별시 양천구 목동중앙서로9길 30
구로공단노동자생활체험관,서울특별시 금천구 벚꽃로44길 17(가산동)
구로구청,서울특별시 구로구 가마산로 245 구로구청
구로근린공원,서울특별시 구로구 구로동
구로기계공구단지,서울특별시 구로구 구로중앙로 198(구로동)
구로시장,서울특별시 구로구 구로동 736-1
구로시장떡볶이골목,서울특별시 구로구 구로동 736-1
구로아트밸리예술극장,서울특별시 구로구 구로동 101
구로역,서울특별시 구로구 구로중앙로 174
구로역광장분수대,서울특별시 구로구 구로동 603-13
구로우성아파트,서울특별시 구로구 공원로6가길 67
구립구산동도서관마을,서울특별시 은평구 구산동 17-37
구립김영삼도서관,서울특별시 동작구 매봉로 1
구립용산장애인복지관,서울특별시 용산구 효창원로93길 49 구립용산장애인복지관
구립월곡배드민턴전용체육관,서울특별시 성북구 화랑로13길 144
구립증산정보도서관,서울특별시 은평구 증산동 173-8
구립청파도서관,서울특별시 용산구 서계동 227-1
구산동경남아너스빌,서울특별시 은평구 구산동224
구산브라운스톤아파트,서울특별시 은평구 구산동159-10
구서울대학교본관,서울특별시 종로구 동숭동 1-130
구암공원,서울특별시 강서구 가양동 1471
구암공원_광장,서울특별시 강서구 가양동 1471
구암공원_광주바위,서울특별시 강서구 가양동 1471
구암공원_허준선생동상,서울특별시 강서구 가양동 1471
구암정,서울특별시 강동구 암사동 산1
구의공원,서울특별시 광진구 광나루로56길 86
구의동성당,서울특별시 광진구 자양로33길 8
구의야구공원,서울특별시 광진구 구의동 164-5
구파발 금호어울림10단지,서울특별시 은평구 진관동27
구파발 삼성래미안9단지,서울특별시 은평구 진관동 25
구파발인공폭포,서울특별시 은평구 진관동 산94-1
국기원(세계태권도본부),서울특별시 강남구 역삼동 635
국립4.19민주묘지,서울특별시 강북구 수유동 산7-1
국립경찰병원,서울특별시 송파구 송이로 123 국립경찰병원
국립국악박물관,서울특별시 서초구 서초동 700
국립국악원,서울특별시 서초구 서초동 700
국립국악원_예악당,서울특별시 서초구 서초동 700
국립국악원_우면당,서울특별시 서초구 서초동 700
국립극장,서울특별시 중구 장충단로 59(장충동2가)
국립극장_KB국민은행청소년하늘극장,서울특별시 중구 장충동2가 산14-67
국립극장_달오름극장,서울특별시 중구 장충동2가 산14-67
국립농산물품질관리원서울사무소,서울특별시 동대문구 장안1동 432-2
국립민속박물관,서울특별시 종로구 세종로 1-1
국립산림과학원_IUFRO세계총회기념관,서울특별시 동대문구 청량리동 207
국립서울현충원,서울특별시 동작구 동작동 271-18
국립서울현충원_경찰충혼탑,서울특별시 동작구 동작동 220-1
국립서울현충원_김대중대통령묘소,서울특별시 동작구 동작동 299-13
국립서울현충원_김영삼대통령묘소,서울특별시 동작구 동작동 222-4
국립서울현충원_대한독립군무명용사위령탑,서울특별시 동작구 동작동 222-4
국립서울현충원_독립유공자묘역,서울특별시 동작구 동작동 222-17
국립서울현충원_만남의집,서울특별시 동작구 동작동 산41-2
국립서울현충원_봉안식장,서울특별시 동작구 동작동 222-4
국립서울현충원_육사7기특별동기생추모탑,서울특별시 동작구 동작동 225-4
국립서울현충원_육탄10용사현충비,서울특별시 동작구 동작동 215-15
국립서울현충원_임시정부요인묘역,서울특별시 동작구 동작동 222-4
국립서울현충원_장군제3묘역,서울특별시 동작구 동작동 222-4
국립서울현충원_재일학도의용군전몰용사위령비,서울특별시 동작구 동작동 224-3
국립서울현충원_충성분수대,서울특별시 동작구 동작동 209-8
국립서울현충원_충혼당,서울특별시 동작구 동작동 222-4
국립서울현충원_충혼승천상,서울특별시 동작구 동작동 194-1
국립서울현충원_포병위령충혼비,서울특별시 동작구 동작동 133
국립서울현충원_학도의용군무명용사탑,서울특별시 동작구 동작동 225-4
국립서울현충원_현충관,서울특별시 동작구 동작동 산41-2
국립서울현충원_현충문,서울특별시 동작구 동작동 산41-2
국립서울현충원_호국전시관,서울특별시 동작구 동작동 산41-2
국립어린이청소년도서관,서울특별시 강남구 역삼동 635-1
국립예술단체공연연습장,서울특별시 서초구 서초동 산130-24
국립중앙도서관,서울특별시 서초구 반포동 산60-1
국립중앙박물관,서울특별시 용산구 서빙고로 137
국립중앙박물관극장용,서울특별시 용산구 용산동6가 11-426
국립한글박물관,서울특별시 용산구 서빙고로 139
국립항공박물관,서울특별시 강서구 공항동 1373-5
국립현대미술관,서울특별시 종로구 소격동 165
국립현대미술관창동레지던시,서울특별시 도봉구 창동 601-107
국민대학교,서울특별시 성북구 정릉동 861-1
국민대학교_GRANDEFLORE,서울특별시 성북구 정릉동 861-1
국민대학교_MR.Doctor,서울특별시 성북구 정릉동 861-1
국민대학교_경상관,서울특별시 성북구 정릉동 861-1
국민대학교_경영관,서울특별시 성북구 정릉동 861-1
국민대학교_공학관,서울특별시 성북구 정릉동 861-1
국민대학교_국제관,서울특별시 성북구 정릉동 861-1
국민대학교_글로벌센터,서울특별시 성북구 정릉동 산1-255
국민대학교_명원민속관,서울특별시 성북구 정릉동 855-2
국민대학교_미랑관,서울특별시 성북구 정릉동 855-2
국민대학교_미래관,서울특별시 성북구 정릉동 855-2
국민대학교_법학관,서울특별시 성북구 정릉동 861-1
국민대학교_본부관,서울특별시 성북구 정릉동 861-1
국민대학교_북악관,서울특별시 성북구 정릉동 861-1
국민대학교_산학협력관,서울특별시 성북구 정릉동 861-1
국민대학교_성곡도서관,서울특별시 성북구 정릉동 861-1
국민대학교_성곡동상,서울특별시 성북구 정릉동 861-1
국민대학교_영빈관,서울특별시 성북구 정릉동 853-3
국민대학교_예술관,서울특별시 성북구 정릉동 861-1
국민대학교_용두리,서울특별시 성북구 정릉동 861-1
국민대학교_조형관,서울특별시 성북구 정릉동 861-1
국민대학교_종합복지관,서울특별시 성북구 정릉동 861-1
국민대학교_체육관,서울특별시 성북구 정릉동 861-1
국민대학교_콘서트홀,서울특별시 성북구 정릉동 861-1
국민대학교_혜랑관,서울특별시 성북구 정릉동 861-1
국민대학교성곡도서관,서울특별시 성북구 정릉로 77 국민대학교
국제선센터,서울특별시 양천구 신정동 319-11
국제예술대학교,서울특별시 강남구 도산대로30길 47 국제예술대학교
국토발전전시관,서울특별시 중구 정동길 18
국회의사당,서울특별시 영등포구 의사당대로 1
국회의사당_국회의정관,서울특별시 영등포구 여의도동 1
국회의사당_국회헌정기념관,서울특별시 영등포구 여의도동 1
국회의사당_식물원,서울특별시 영등포구 여의도동 1
국회의사당_제2의원회관,서울특별시 영등포구 여의도동 1
군자교사거리,서울특별시 광진구 군자동
군자역,서울특별시 광진구 천호대로 550
그랜드워커힐서울,서울특별시 광진구 워커힐로 177
그랜드하얏트서울,서울특별시 용산구 소월로 322
그레뱅뮤지엄,서울특별시 중구 을지로1가 63
극락사,서울특별시 중랑구 망우동 73-10
근현대사기념관,서울특별시 강북구 수유동 산73-23
금강아산병원,서울특별시 용산구 이촌로 318
금나래아트홀,서울특별시 금천구 시흥동 1020
금나래아트홀도서관,서울특별시 금천구 시흥1동 1020
금나래중앙공원,서울특별시 금천구 독산동
금남시장,서울특별시 성동구 독서당로 303-7
금암기적비,서울특별시 은평구 진관동
금암문화공원,서울특별시 은평구 진관동
금천3동행정복지센터,서울특별시 금천구 독산로 317 B동
금천구립가산도서관,서울특별시 금천구 가산동 235-3
금천구립독산도서관,서울특별시 금천구 독산동 375-2
금천구청,서울특별시 금천구 시흥대로73길 70 금천구 종합청사
금천문화예술정보학교,서울특별시 금천구 남부순환로126길 25 금천문화예술정보학교
금천문화원,서울특별시 금천구 시흥대로38길 61(시흥동)
금천폭포공원,서울특별시 금천구 시흥대로38길 61 금천문화원
기아대교,서울특별시 금천구 시흥동
긱라이브하우스,서울특별시 마포구 동교동 185-10
길동복조리시장,서울특별시 강동구 길동 400
길동사거리,서울특별시 강동구 성내동
길동생태공원,서울특별시 강동구 길동 476
길마어린이공원,서울특별시 은평구 갈현동474-1
길상사,서울특별시 성북구 성북동 321-3
길음뉴타운11단지롯데캐슬골든힐스,서울특별시 성북구 서경로 60
길음뉴타운e편한세상4단지아파트,서울특별시 성북구 길음로 118
길음뉴타운동부센트레빌아파트,서울특별시 성북구 숭인로2길 61
길음뉴타운래미안5단지아파트,서울특별시 성북구 길음로 74
길음뉴타운래미안6단지아파트,서울특별시 성북구 길음로 16
길음뉴타운래미안8단지아파트,서울특별시 성북구 길음로 33
길음뉴타운래미안9단지아파트,서울특별시 성북구 길음로9길 50
길음뉴타운푸르지오2단지아파트,서울특별시 성북구 길음로 119
길음뉴타운푸르지오3단지아파트,서울특별시 성북구 길음로13길 39
길음래미안1단지아파트,서울특별시 성북구 길음로9길 40
길음시장,서울특별시 성북구 길음동 535-8
길음태영데시앙아파트,서울특별시 성북구 서경로 28
김대중도서관,서울특별시 마포구 동교동 178-9
김리아갤러리,서울특별시 강남구 선릉로148길 48-1(청담동)
김세중미술관,서울특별시 용산구 효창원로70길 35
김수영문학관,서울특별시 도봉구 방학동 498-31
김옥길기념관,서울특별시 서대문구 대신동 92
김포국제공항,서울특별시 강서구 하늘길 38
김현주갤러리,서울특별시 종로구 삼청로7길 19-9(팔판동)
김희수아트센터,서울특별시 동대문구 청량리동 206-46
까치산시장,서울특별시 강서구 화곡동 342-16
깔깔거리,서울특별시 구로구 구로동
꿈꾸는어린이도서관,서울특별시 강서구 염창동 281-25
꿈의숲대명루첸,서울특별시 성북구 월계로36길 27
꿈의숲아이파크,서울특별시 성북구 돌곶이로40길 46(장위동)
꿈의숲아트센터,서울특별시 강북구 번동 90
꿈의숲코오롱하늘채아파트,서울특별시 성북구 돌곶이로 220
꿈의숲푸르지오,서울특별시 성북구 오패산로16가길 40
나무마을목공방,서울특별시 양천구 목동서로 159-2(목동)
낙산공원,서울특별시 종로구 동숭동 산2-10
낙산공원_낙산정,서울특별시 종로구 동숭동 50-111
낙산공원_놀이마당,서울특별시 종로구 동숭동 50-111
낙산공원_전시관,서울특별시 종로구 동숭동 50-111
낙산공원_제1전망광장,서울특별시 종로구 동숭동 50-111
낙산공원_제2전망광장,서울특별시 종로구 동숭동 50-111
낙산공원_제3전망광장,서울특별시 종로구 동숭동 50-111
낙산공원_중앙광장,서울특별시 종로구 동숭동 50-111
낙산묘각사,서울특별시 종로구 종로63가길 31
낙성대공원,서울특별시 관악구 봉천동 228
낙원시장,서울특별시 종로구 낙원동 288
난지수변생태학습센터,서울특별시 마포구 상암동 481-220
난지천공원,서울특별시 마포구 상암동 1538
난지천공원_난지잔디광장,서울특별시 마포구 상암동 1538
난지천공원_오리연못,서울특별시 마포구 상암동 1538
난지천공원_유아놀이터,서울특별시 마포구 상암동 1538
난지천공원_테마놀이터,서울특별시 마포구 상암동 1538
난지캠핑장,서울특별시 마포구 상암동 495-81
난지한강공원_생태섬,서울특별시 마포구 상암동 482-329
난지한강공원_잔디마당,서울특별시 마포구 상암동 482-220
난지한강공원_젊음의광장,서울특별시 마포구 상암동 482-132
난지한강공원_정수원,서울특별시 마포구 상암동 482-168
난지한강공원_폐쇄형늪지,서울특별시 마포구 상암동 482-334
남가좌새롬어린이도서관,서울특별시 서대문구 남가좌2동 342-34
남구로시장,서울특별시 구로구 구로동 741-27
남대문시장,서울특별시 중구 남창동 49-1
남도어린이공원,서울특별시 양천구 신월4동 426-4
남부골목시장,서울특별시 강서구 화곡동 943-7
남산골한옥마을,서울특별시 중구 퇴계로34길 28
남산공원_남산전시관,서울특별시 용산구 이태원동 258-148
남산공원_백범김구선생상,서울특별시 중구 회현동1가 100-115
남산공원_이시영선생상,서울특별시 중구 회현동1가 산1-2
남산공원_호현당,서울특별시 중구 회현동1가 산1-44
남산대림아파트,서울특별시 용산구 녹사평대로 254
남산도서관,서울특별시 용산구 후암동 30-84
남산야외식물원,서울특별시 용산구 이태원동 258-148
남산예술센터,서울특별시 중구 예장동 8-19
남성시장,서울특별시 동작구 사당동 88-3
남영동먹자골목,서울특별시 용산구 남영동 2
남이장군사당제,서울특별시 용산구 용문동 106
남평화상가,서울특별시 중구 신당동 772
남현교회,서울특별시 구로구 경인로 346
너나들이센터,서울특별시 은평구 연서로50길 10 너나들이센터
노들나루공원,서울특별시 동작구 노량진로 247 본동시민공원
노들섬,서울특별시 용산구 이촌동 302-146
노들소공원,서울특별시 구로구 고척동
노량진수산물도매시장,서울특별시 동작구 노량진동 13-6
노룬산골목시장,서울특별시 광진구 자양동 44-22
노보텔스위트앰배서더서울용산,서울특별시 용산구 청파로20길 95 서울드래곤시티
노보텔앰배서더서울동대문호텔,서울특별시 중구 을지로 238
노보텔엠배서더독산,서울특별시 금천구 시흥대로 378 노보텔앰배서더
노원구민체육센터,서울특별시 노원구 중계동 360-18
노원구청,서울특별시 노원구 노해로 437 노원구청
노원마들스타디움,서울특별시 노원구 덕릉로 450 
노원문화예술회관,서울특별시 노원구 중계동 364-3
노원문화원,서울특별시 노원구 동일로197길 24(공릉동)
노원사회적경제지원센터,서울특별시 노원구 동일로174길 27
노원소방서,서울특별시 노원구 한글비석로1길 8 노원소방서/하계119안전센터
노원어린이도서관,서울특별시 노원구 한글비석로 346 노원구어린이도서관
노원우주학교,서울특별시 노원구 동일로205길 13
노원을지대학교병원,서울특별시 노원구 하계동 280-1
노원을지대학교병원_모자보건센터,서울특별시 노원구 하계동 190-1
노원을지대학교병원_연구동,서울특별시 노원구 하계동 279-8
노원을지대학교병원_응급실,서울특별시 노원구 하계동 280-1
노원을지대학교병원_제1별관,서울특별시 노원구 하계동 279-5
노원정보도서관,서울특별시 노원구 상계동 686
노원청소년수련관,서울특별시 노원구 상계동 772
노원청소년직업체험센터,서울특별시 노원구 노원로16길 16
노해근린공원,서울특별시 노원구 중계동
노화랑,서울특별시 종로구 관훈동 103
녹번JR아파트,서울특별시 은평구 녹번동 280-1
녹번대림E편한세상아파트,서울특별시 은평구 녹번동 276
녹번역e편한세상캐슬,서울특별시 은평구 응암동 36
녹번역센트레빌아파트,서울특별시 은평구 응암동 762
논현1동주민센터,서울특별시 강남구 학동로20길 25 논현1동주민센터
논현2동주민센터,서울특별시 강남구 학동로43길 17 논현2동주민센터
논현역사거리,서울특별시 강남구 논현동
논현정보도서관,서울특별시 강남구 학동로 169
농업박물관,서울특별시 중구 충정로1가 75
뉴코아아울렛[강남],서울특별시 서초구 잠원동 70
늘푸른어린이공원,서울특별시 동대문구 장안동 303
능동소공원,서울특별시 광진구 능동 242-26
능인선원,서울특별시 강남구 개포동 1055
다락원체육공원,서울특별시 도봉구 마들로 932 평화문화진지
다래어린이공원,서울특별시 은평구 응암동 751-24
다문화박물관,서울특별시 은평구 불광로 135
다보성갤러리,서울특별시 종로구 삼일대로 457(경운동)
다이나믹메이즈(서울인사동점),서울특별시 종로구 인사동길 12(인사동)
단성사,서울특별시 종로구 묘동
달마사,서울특별시 동작구 사당동 300-79
달맞이봉공원,서울특별시 성동구 금호동4가 산27
답십리고미술상가,서울특별시 동대문구 답십리동 530-1
답십리공원유아숲체험장,서울특별시 동대문구 답십리동 41-1
답십리역,서울특별시 성동구 천호대로 300
당고개순교성지,서울특별시 용산구 청파로 139-26
당현천근린공원,서울특별시 노원구 상계동
대각사,서울특별시 종로구 율곡로10길 87 대각사
대림미술관,서울특별시 종로구 자하문로4길 21(통의동)
대림시장,서울특별시 은평구 응암동 300-10
대림중앙시장,서울특별시 영등포구 디지털로37나길 21
대명여울빛거리시장,서울특별시 금천구 시흥동 889-13
대모산공원,서울특별시 강남구 일원동 739
대방어린이도서관,서울특별시 동작구 대방동 379-2
대상타운현대아파트,서울특별시 도봉구 마들로 616
대성사(서울),서울특별시 서초구 서초동 산141-4
대안공간루프,서울특별시 마포구 서교동 335-11
대원군별장,서울특별시 종로구 홍지동 125-2
대조공원,서울특별시 은평구 대조동
대학로JTN아트홀,서울특별시 종로구 이화장길 26 대학로 JTN 아트홀
대학로뮤지컬센터,서울특별시 종로구 동숭동 25-5
대학로예술극장,서울특별시 종로구 대학로10길 17(동숭동)
대학로올래홀,서울특별시 종로구 대학로10길 24
대한극장,서울특별시 중구 충무로4가 125 1층
대한민국역사박물관,서울특별시 종로구 세종대로 198
대한민국예술인센터,서울특별시 양천구 목동 923-6
대한민국임시정부서울연통부터,서울특별시 중구 서소문로9길 14(순화동)
대한민국학술원,서울특별시 서초구 반포4동 산94-4
대한성공회서울주교좌성당,서울특별시 중구 정동 3
대한의원,서울특별시 종로구 연건동
더클래식500,서울특별시 광진구 능동로 90
더플라자,서울특별시 중구 소공로 119
덕성여자대학교,서울특별시 도봉구 쌍문동 419
덕성여자대학교박물관,서울특별시 도봉구 쌍문동 419
덕수궁,서울특별시 중구 세종대로 99
덕수궁_광명문,서울특별시 중구 정동 5-1
덕수궁_대한문,서울특별시 중구 정동 5-1
덕수궁_덕홍전,서울특별시 중구 정동 5-1
덕수궁_석어당,서울특별시 중구 정동 5-1
덕수궁_정광헌,서울특별시 중구 정동 5-1
덕수궁_준명당,서울특별시 중구 정동 5-1
덕수궁_중화전,서울특별시 중구 정동 5-1
덕수궁_즉조당,서울특별시 중구 정동 5-1
덕수궁_함녕전,서울특별시 중구 정동 5-1
덕수궁돌담길,서울특별시 중구 세종대로19길 24 영국대사관
덕의근린공원,서울특별시 구로구 고척동
도곡시장,서울특별시 강남구 역삼동
도깨비시장,서울특별시 관악구 미성길 15
도봉구마을사회적경제지원센터,서울특별시 도봉구 노해로 279-5
도봉구민회관,서울특별시 도봉구 창동 303
도봉구청,서울특별시 도봉구 마들로 656 도봉구청
도봉기적의도서관,서울특별시 도봉구 도봉동 652-1
도봉노인종합복지관,서울특별시 도봉구 도당로2길 12-13 도봉노인종합복지관
도봉문화원,서울특별시 도봉구 창동 303
도봉산성당,서울특별시 도봉구 도봉산길 11 천주교도봉산성당
도봉산역,서울특별시 도봉구 도봉로 964-33
도봉산역관광역환승센터,서울특별시 도봉구
도봉환경교육센터,서울특별시 도봉구 시루봉로6길 33
도산공원,서울특별시 강남구 신사동 649-9
도산공원사거리,서울특별시 강남구 신사동
도산안창호기념관,서울특별시 강남구 신사동 649-9
도선사,서울특별시 강북구 삼양로173길 504
도원삼성래미안아파트,서울특별시 용산구 새창로 70
도화현대1차아파트,서울특별시 마포구 새창로 52
독도체험관,서울특별시 서대문구 통일로 81
독립관,서울특별시 서대문구 현저동 101
독립문,서울특별시 서대문구 현저동 941
독산동맛나는거리상점가,서울특별시 금천구 독산동 285-22
독산동우시장,서울특별시 금천구 독산동 293-5
돈암동부센트레빌아파트,서울특별시 성북구 정릉로 388
돈암시장,서울특별시 성북구 동소문동5가 118-1
돈암코오롱하늘채,서울특별시 성북구 아리랑로 75
돈암힐스테이트,서울특별시 성북구 아리랑로 68
돈의문박물관마을,서울특별시 종로구 송월길 14-3
돈의문센트레빌,서울특별시 서대문구 독립문로 14길 33
돈의문터,서울특별시 종로구 평동 108
돌마리도서관,서울특별시 송파구 석촌동 265
돌뫼어린이공원,서울특별시 성북구 석관동 산1-77
동국대학교박물관,서울특별시 중구 필동로1길 30(필동3가)
동국대학교서울캠퍼스,서울특별시 중구 장충동2가 192-5
동국대학교서울캠퍼스_과학관,서울특별시 중구 장충동2가 192-19
동국대학교서울캠퍼스_나노웨어러블,서울특별시 중구 장충동2가 192-12
동국대학교서울캠퍼스_남산학사,서울특별시 중구 장충동2가 192-14
동국대학교서울캠퍼스_만해광장,서울특별시 중구 장충동2가 192-5
동국대학교서울캠퍼스_명진관,서울특별시 중구 장충동2가 192-18
동국대학교서울캠퍼스_본관,서울특별시 중구 장충동2가 192-17
동국대학교서울캠퍼스_상록원,서울특별시 중구 장충동2가 192-20
동국대학교서울캠퍼스_신공학관,서울특별시 중구 장충동2가 192-15
동국대학교서울캠퍼스_영상대학원,서울특별시 중구 장충동2가 26-1
동국대학교서울캠퍼스_원흥관,서울특별시 중구 장충동2가 192-11
동국대학교서울캠퍼스_정보문화관P,서울특별시 중구 장충동2가 192-10
동국대학교서울캠퍼스_정보문화관Q,서울특별시 중구 장충동2가 192-8
동국대학교서울캠퍼스_중앙도서관,서울특별시 중구 장충동2가 192-16
동국대학교서울캠퍼스_학생회관,서울특별시 중구 장충동2가 192-7
동국대학교이해랑예술극장,서울특별시 중구 필동3가 26-1
동대문(흥인지문),서울특별시 종로구 종로 288
동대문경찰서,서울특별시 동대문구 약령시로21길 29 동대문경찰서
동대문구답십리도서관,서울특별시 동대문구 답십리1동 474-5
동대문구민체육센터,서울특별시 동대문구 장안동 356
동대문구민회관,서울특별시 동대문구 장안동 354-5
동대문구보건소,서울특별시 동대문구 용두동 39-9 동대문구청
동대문구정보화도서관,서울특별시 동대문구 청량리동 206-19
동대문구청,서울특별시 동대문구 천호대로 145 동대문구청
동대문구청사거리,서울특별시 동대문구 용두동
동대문도서관,서울특별시 동대문구 신설동 109-4
동대문디자인플라자,서울특별시 중구 을지로 281
동대문디자인플라자_갤러리문,서울특별시 중구 신당동 853
동대문문화원,서울특별시 동대문구 답십리로 210-9(답십리동)
동대문시장,서울특별시 종로구 종로5가 321-1
동대문신발도매상가,서울특별시 종로구 청계천로 319 동대문신발상가
동대문역사관,서울특별시 중구 을지로 281
동대문역사문화공원,서울특별시 중구 을지로7가 2-1
동대문역사문화공원_동대문운동장기념관,서울특별시 중구 신당동 853
동대문역사문화공원_동대문유구전시장,서울특별시 중구 신당동 853
동대문종합사회복지관,서울특별시 동대문구 제기동 220
동대문청소년수련관,서울특별시 동대문구 청량리동 11-1
동덕아트갤러리,서울특별시 종로구 관훈동 151-8
동덕여자대학교,서울특별시 성북구 하월곡동 23-1
동덕여자대학교_대학원,서울특별시 성북구 하월곡동 23-1
동덕여자대학교_동인관,서울특별시 성북구 하월곡동 23-1
동덕여자대학교_백주년기념관,서울특별시 성북구 하월곡동 24-5
동덕여자대학교_승인관,서울특별시 성북구 상월곡동 86-12
동덕여자대학교_약학관,서울특별시 성북구 하월곡동 23-1
동덕여자대학교_여성학센터,서울특별시 성북구 상월곡동 78-1
동덕여자대학교_예지관,서울특별시 성북구 상월곡동 86-12
동덕여자대학교_인덕관,서울특별시 성북구 하월곡동 23-1
동덕여자대학교_인문관,서울특별시 성북구 상월곡동 86-78
동덕여자대학교_정문,서울특별시 성북구 하월곡동 23-1
동덕여자대학교_평생교육원,서울특별시 성북구 하월곡동 23-1
동덕여자대학교박물관,서울특별시 성북구 화랑로13길 60(하월곡동)
동림매듭박물관,서울특별시 종로구 가회동 11-7
동묘,서울특별시 종로구 숭인동 238-1
동부센트레빌,서울특별시 서대문구 독립문로 14길 74
동북제일침례교회,서울특별시 성북구 화랑로5길 93
동빙고부군당,서울특별시 용산구 서빙고로73길 24-27
동십자각,서울특별시 종로구 세종로 1-58
동아에코빌,서울특별시 성북구 장월로1길 28
동양미래대학교,서울특별시 구로구 경인로 445
동양예술극장,서울특별시 종로구 혜화동 163-24
동원골목시장,서울특별시 중랑구 상봉로11길 37
동자아트홀,서울특별시 용산구 한강대로 372
동자어린이공원,서울특별시 용산구 한강대로104길 30-4
동작구다문화가족지원센터,서울특별시 동작구 사당동 1136-1
동작구민체육센터,서울특별시 동작구 신대방동 460-1
동작구청,서울특별시 동작구 장승배기로 161 동작구청
동작구흑석체육센터,서울특별시 동작구 흑석동 116-1
동작대교,서울특별시 용산구 이촌동
동작도서관,서울특별시 동작구 노량진동 310-118
동작문화원,서울특별시 동작구 상도동 176-3
동작아트갤러리,서울특별시 동작구 신대방동 722
동평화시장,서울특별시 중구 신당동 217-95
동평화패션타운,서울특별시 중구 청계천로 318 동평화시장
동호대교,서울특별시 성동구 옥수동
동화상가,서울특별시 중구 을지로6가 17-415
두산아트센터,서울특별시 종로구 연지동 269-2
두산아파트,서울특별시 성북구 화랑로48길 16
두타몰,서울특별시 중구 장충단로 275 두산타워빌딩
둔촌사거리,서울특별시 강동구 성내동
둔촌역전통시장,서울특별시 강동구 성내동 450-54
둘리뮤지엄,서울특별시 도봉구 쌍문동 산240-5
드래곤힐스파,서울특별시 용산구 한강로3가 40-946
드림아트센터,서울특별시 종로구 동숭동 1-42
등나무근린공원,서울특별시 노원구 중계동 508-1
디지털파빌리온,서울특별시 마포구 상암동 1605
디큐브시티해바라기공원,서울특별시 구로구 신도림동 360-94
디큐브아트센터,서울특별시 구로구 신도림동 692
떡박물관,서울특별시 종로구 와룡동 164-2
뚝섬미술관,서울특별시 성동구 아차산로 33 지하 1층
뚝섬승마훈련원,서울특별시 성동구 성수동1가 685-6
뚝섬전망문화콤플렉스J-Bug,서울특별시 광진구 강변북로 68
뚝섬한강공원,서울특별시 광진구 자양동 704-1
뚝섬한강공원음악분수,서울특별시 광진구 자양동
뚝섬한강공원음악분수음수대,서울특별시 광진구 자양동
뚝섬한강공원인공암벽장,서울특별시 광진구 자양동
뚝섬한강치안센터,서울특별시 광진구 자양4동
라마다서울신도림호텔,서울특별시 구로구 경인로 624
라온트래블스토리지,서울특별시 마포구 동교동 190-1
라이즈오토그래프컬렉션,서울특별시 마포구 서교동 354-5
라트어린이극장,서울특별시 강남구 논현로 164(도곡동)
라포레스타,서울특별시 마포구 동교동 181-4 지층
래미안 솔베뉴 아파트,서울특별시 강동구 양재대로 1650
래미안갤러리,서울특별시 송파구 문정동 623
래미안길음센터피스아파트,서울특별시 성북구 숭인로 50
래미안남가좌2차,서울특별시 서대문구 수색로6길 43
래미안루센티아,서울특별시 서대문구 거북골로 100
래미안베라힐즈아파트,서울특별시 은평구 녹번동 283
래미안석관,서울특별시 성북구 화랑로 214
래미안세레니티,서울특별시 성북구 종암로23길 35
래미안송파파인탑아파트,서울특별시 송파구 오금로32길 31
래미안아트리치,서울특별시 성북구 돌곶이로8길 22
래미안월곡,서울특별시 성북구 오패산로 90
래미안장위퍼스트하이,서울특별시 성북구 한천로 713
래미안장위포레카운티,서울특별시 성북구 장월로 160
래미안트리베라1차아파트,서울특별시 강북구 삼양로19길 25
래미안트리베라2차아파트,서울특별시 강북구 삼양로27길 19
럭키레포츠타운,서울특별시 강북구 한천로 1013
레미안첼리투스아파트,서울특별시 용산구 이촌로 310
레이크팰리스,서울특별시 송파구 잠실로 88
롤링홀,서울특별시 마포구 서교동 402-22
롯데갤러리본점,서울특별시 중구 소공동 1
롯데마트구로점,서울특별시 구로구 경인로 482
롯데몰김포공항점스카이파크,서울특별시 강서구 방화동 886
롯데백화점[강남],서울특별시 강남구 대치동 937
롯데백화점[건대스타시티],서울특별시 광진구 자양동 227-342
롯데백화점[관악],서울특별시 관악구 봉천동 729-22
롯데백화점[김포공항],서울특별시 강서구 방화동 886
롯데백화점[노원],서울특별시 노원구 상계동 713
롯데백화점[미아],서울특별시 강북구 미아동 70-2
롯데백화점[본점],서울특별시 중구 소공동 1
롯데백화점[스타시티점],서울특별시 광진구 능동로 92
롯데백화점[영등포],서울특별시 영등포구 영등포동 618-496
롯데백화점[잠실],서울특별시 송파구 잠실동 40-1
롯데백화점[청량리],서울특별시 동대문구 전농동 588-1
롯데백화점[캐슬플라자],서울특별시 송파구 신천동 7-18
롯데시티호텔김포공항,서울특별시 강서구 방화동 886
롯데월드,서울특별시 송파구 올림픽로 240
롯데월드_3D황야의무법자2,서울특별시 송파구 잠실동 47-1
롯데월드_4D슈팅씨어터,서울특별시 송파구 잠실동 40-1
롯데월드_거울미로,서울특별시 송파구 잠실동 47-1
롯데월드_게임빌리지,서울특별시 송파구 잠실동 40-1
롯데월드_게임팩토리,서울특별시 송파구 잠실동 47-1
롯데월드_그럴싸진관,서울특별시 송파구 잠실동 40-1
롯데월드_동화극장,서울특별시 송파구 잠실동 47-1
롯데월드_드래곤와일드슈팅,서울특별시 송파구 잠실동 47-1
롯데월드_드림보트,서울특별시 송파구 잠실동 40-1
롯데월드_로티스에어벌룬,서울특별시 송파구 잠실동 47-1
롯데월드_로티스엠포리움,서울특별시 송파구 잠실동 47-1
롯데월드_만남의광장,서울특별시 송파구 잠실동 47-1
롯데월드_매직붕붕카,서울특별시 송파구 잠실동 47-1
롯데월드_매직아일랜드,서울특별시 송파구 잠실동 47-1 롯데 매직아일랜드
롯데월드_머킹의회전목마,서울특별시 송파구 잠실동 47-1
롯데월드_백설공주의성,서울특별시 송파구 잠실동 47-1
롯데월드_번지드롭,서울특별시 송파구 잠실동 47-1
롯데월드_범퍼카,서울특별시 송파구 잠실동 40-1
롯데월드_뽀로로파크,서울특별시 송파구 잠실동 47-1
롯데월드_세젤예교,서울특별시 송파구 잠실동 40-1
롯데월드_스위트월드(위니비니),서울특별시 송파구 잠실동 47-1
롯데월드_스페인해적선,서울특별시 송파구 잠실동 47-1
롯데월드_신밧드의모험,서울특별시 송파구 잠실동 47-1
롯데월드_아이스링크,서울특별시 송파구 잠실동 40-1
롯데월드_어린이범퍼카,서울특별시 송파구 잠실동 47-1
롯데월드_어크로스다크,서울특별시 송파구 잠실동 40-1
롯데월드_와이드정글,서울특별시 송파구 잠실동 40-1
롯데월드_와일드윙,서울특별시 송파구 잠실동 40-1
롯데월드_와일드정글,서울특별시 송파구 잠실동 40-1
롯데월드_유레카,서울특별시 송파구 잠실동 47-1
롯데월드_자이로드롭,서울특별시 송파구 잠실동 47-1
롯데월드_자이로스윙,서울특별시 송파구 잠실동 47-1
롯데월드_자이로스핀,서울특별시 송파구 잠실동 47-1
롯데월드_점핑피쉬,서울특별시 송파구 잠실동 47-1
롯데월드_정글슈팅,서울특별시 송파구 잠실동 40-1
롯데월드_정글탐험보트,서울특별시 송파구 잠실동 40-1
롯데월드_좀비프리즌,서울특별시 송파구 잠실동 47-1
롯데월드_토이플러스,서울특별시 송파구 잠실동 47-1
롯데월드_톰오브호러,서울특별시 송파구 잠실동 47-1
롯데월드_파라오의분노,서울특별시 송파구 잠실동 40-1
롯데월드_풍선비행,서울특별시 송파구 잠실동 40-1
롯데월드_플라이벤처,서울특별시 송파구 잠실동 40-1
롯데월드_햇님달님,서울특별시 송파구 잠실동 47-1
롯데월드_혜성특급,서울특별시 송파구 잠실동 47-1
롯데월드_환상의숲,서울특별시 송파구 잠실동 47-1
롯데월드_환타지기프트샵,서울특별시 송파구 잠실동 47-1
롯데월드_환타지드림,서울특별시 송파구 잠실동 47-1
롯데월드_회전그네,서울특별시 송파구 잠실동 47-1
롯데월드가든스테이지,서울특별시 송파구 올림픽로 240(잠실동)
롯데월드로티스엠포리움,서울특별시 송파구 올림픽로 240 롯데월드
롯데월드몰,서울특별시 송파구 신천동 29
롯데월드타워,서울특별시 송파구 올림픽로 300 롯데월드타워
롯데하이마트,서울특별시 구로구 경인로 334
롯데호텔서울,서울특별시 중구 을지로 30 롯데호텔서울
르메르디앙서울,서울특별시 강남구 봉은사로 120
리나갤러리,서울특별시 강남구 논현로142길 43
리치몰,서울특별시 구로구 구로중앙로 134 신구로자이 나인스에비뉴
마곡광장,서울특별시 강서구 마곡동 767-2
마곡레포츠센터,서울특별시 강서구 마곡동 56-22
마로니에극장,서울특별시 종로구 동숭길 50(동숭동)
마리나컨벤션센터,서울특별시 영등포구 여의도동 81-8
마리오아울렛,서울특별시 금천구 디지털로9길 23 마리오2 패션타워
마장축산물시장,서울특별시 성동구 마장동 500
마천중앙시장,서울특별시 송파구 마천동 140-2
마천청소년수련관,서울특별시 송파구 마천동 325-5
마포구청,서울특별시 마포구 월드컵로 212 마포구청
마포농수산물시장,서울특별시 마포구 성산동 533-1
마포대교,서울특별시 마포구
마포래미안푸르지오,서울특별시 마포구 마포대로 195
마포문화원,서울특별시 마포구 백범로 227(신공덕동)
마포전차종점3·1운동만세시위지,서울특별시 마포구 마포동 140
마포중앙도서관,서울특별시 마포구 성산로 128
마포평생학습관,서울특별시 마포구 서교동 341-1
만리배수지공원,서울특별시 마포구 환일7길 16 
만양로상점가,서울특별시 동작구 노량진동 119-158
만천곤충박물관,서울특별시 영등포구 영등포로 180
맑은숲어린이공원,서울특별시 성북구 월계로36길 27
망우리공원,서울특별시 중랑구 망우로 570
망원시장,서울특별시 마포구 망원동 411-2
망원월드컵시장,서울특별시 마포구 포은로 120
망원유수지체육공원,서울특별시 마포구 망원동 450-3
망원정지,서울특별시 마포구 동교로8안길 23
망원청소년문화센터,서울특별시 마포구 망원동 451-1
망원한강공원,서울특별시 마포구 마포나루길 467 한강공원망원지구사무소
망원한강공원_RingWalk,서울특별시 마포구 상암동 482-324
매헌윤봉길의사기념관,서울특별시 서초구 양재동 236
메리어트이그제큐티브아파트먼트,서울특별시 영등포구 여의대로 8
메세나폴리스몰,서울특별시 마포구 서교동 490
메이필드호텔앤리조트,서울특별시 강서구 방화대로 94
면목종합사회복지관,서울특별시 중랑구 면목동 1382
명동난타극장,서울특별시 중구 명동길 26(명동2가) 유네스코빌딩 3층
명동대성당_범우관,서울특별시 중구 저동1가 39-4
명동성당,서울특별시 중구 명동2가 1-1
명동예술극장,서울특별시 중구 명동길 35
명륜교회,서울특별시 종로구 혜화로3길 6 명륜교회
명륜동와룡문화센터,서울특별시 종로구 명륜길 26
명보극장,서울특별시 중구 초동 18-5
명인박물관,서울특별시 종로구 가회동 208-7
명일전통시장,서울특별시 강동구 명일동 324-20 일대
명지고등학교,서울특별시 서대문구 명지2길 56 명지중·고등학교
명지대학교인문캠퍼스,서울특별시 서대문구 남가좌동 50-3
명지중학교,서울특별시 서대문구 명지2길 56
명지초등학교,서울특별시 서대문구 명지2길 32-20
모던화랑,서울특별시 종로구 관훈동 27-1
모래내시장,서울특별시 서대문구 남가좌동 290-2
모인화랑,서울특별시 종로구 인사동10길 13(관훈동) 청아빌딩 2층
모차르트콘서트홀,서울특별시 서초구 명달로 104(서초동)
목동깨비시장,서울특별시 양천구 목3동 617-13
목동문화체육센터,서울특별시 양천구 목동중앙본로 73 목동문화체육센터
목동종합운동장,서울특별시 양천구 안양천로 939
목동종합운동장_목동사격장,서울특별시 양천구 목동 914
목동종합운동장_목동주경기장,서울특별시 양천구 목동 914
목동종합운동장_실내아이스링크,서울특별시 양천구 목동 914
목동종합운동장_야구장,서울특별시 양천구 목동 914
몽골울란바타르문화진흥원,서울특별시 광진구 광장로 1(광장동)
몽마르뜨공원,서울특별시 서초구 반포동 산94-4
몽촌역사관,서울특별시 송파구 방이동 88
몽촌토성,서울특별시 송파구 올림픽로 424 올림픽공원
묘각사,서울특별시 종로구 숭인동 178-3
무궁화동산,서울특별시 종로구 궁정동 55-5
무궁화소공원,서울특별시 구로구 고척동
무중력지대무악재,서울특별시 서대문구 홍제동 26-1
무중력지대양천,서울특별시 양천구 목동 404-1
무학봉체육관,서울특별시 중구 난계로6길 8
문래예술공장,서울특별시 영등포구 문래동1가 30
문래창작촌,서울특별시 영등포구 문래동3가 54-39
문묘,서울특별시 종로구 성균관로 31 성균관유림회관
문정동대우푸르지오1차아파트,서울특별시 송파구 문정로 55
문정동로데오상점가,서울특별시 송파구 문정동 41-5
문정동삼성래미안아파트,서울특별시 송파구 문정로 83
문화공간엘림홀,서울특별시 종로구 동숭동 195-6
문화비축기지,서울특별시 마포구 증산로 87
문화비축기지_공연장,서울특별시 마포구 성산동 661
문화비축기지_문화마당,서울특별시 마포구 성산동 661
문화비축기지_문화복합공간,서울특별시 마포구 성산동 661
문화비축기지_이야기관,서울특별시 마포구 성산동 661
문화비축기지_커뮤니티센터,서울특별시 마포구 성산동 661
문화비축기지_탱크원형,서울특별시 마포구 성산동 661
문화역서울284,서울특별시 중구 통일로 1 서울역
문화일보홀,서울특별시 중구 새문안로 22(충정로1가)
문화정원아트홀,서울특별시 금천구 가산로 61 지하1층
문화철도959,서울특별시 구로구 신도림동 460-26
뮤지엄김치간,서울특별시 종로구 관훈동 196-10
미아동부센트레빌아파트,서울특별시 강북구 숭인로7가길 37
미아리고개예술극장,서울특별시 성북구 돈암동 51-49
미아삼성래미안1차아파트,서울특별시 강북구 삼양로 256
미아송천센트레빌2차아파트,서울특별시 강북구 숭인로 39
미타사(성북),서울특별시 성북구 보문동3가 51
민송아트홀,서울특별시 종로구 혜화동 185 중원빌딩
민영환자결터,서울특별시 종로구 공평동 1
밀레니엄힐튼서울,서울특별시 중구 소월로 50
밀알교회,서울특별시 강남구 언주로134길 35
밀알미술관,서울특별시 강남구 일원동 713
박석어린이공원,서울특별시 은평구 갈현동 416-3
반딧불이생태관,서울특별시 마포구 상암동 481-6
반포대교,서울특별시 서초구 반포동
반포종합운동장,서울특별시 서초구 반포2동 15-2
반포한강공원,서울특별시 서초구 반포동 115-5
발바닥공원,서울특별시 도봉구 방학동 270-2
방산시장,서울특별시 중구 주교동 251-1
방산종합시장,서울특별시 중구 주교동 19-1
방신전통시장,서울특별시 강서구 방화동 567-23
방이동생태경관보전지역,서울특별시 송파구 동남로 397(방이동)
방이시장,서울특별시 송파구 방이동 137-8
방학동은행나무,서울특별시 도봉구 방학동 546
방학삼성래미안1단지아파트,서울특별시 도봉구 마들로 646
방화대교,서울특별시 강서구 방화동
배재학당역사박물관,서울특별시 중구 서소문로11길 19
백련산SK뷰아이파크아파트,서울특별시 은평구 응암동 767
백련산매바위유아숲체험장,서울특별시 서대문구 홍은동 310-1
백련산파크자이아파트,서울특별시 은평구 응암동 626-108
백련산해모로아파트,서울특별시 은평구 응암동 768
백련산힐스테이트1차,서울특별시 은평구 응암동 759
백석예술대학교,서울특별시 서초구 방배동 981-7
백송갤러리,서울특별시 종로구 관훈동 197-9
백암아트홀,서울특별시 강남구 테헤란로113길 7(삼성동)
백인제가옥,서울특별시 종로구 북촌로7길 16
백해영갤러리,서울특별시 용산구 이태원로27길 77(이태원동)
뱅뱅사거리,서울특별시 서초구 서초동
법무사회관,서울특별시 강남구 논현로 651
법원검찰청사거리,서울특별시 서초구 서초동
벽산아파트,서울특별시 노원구 한글비석로 399
벽진이씨충숙공묘역,서울특별시 노원구 하계동
벽천나들목,서울특별시 광진구 자양동
별마당도서관,서울특별시 강남구 삼성동 159
별빛남문시장,서울특별시 금천구 시흥대로144길 17
보라매공원_반려견놀이터,서울특별시 동작구 신대방동 722
보라매공원_에어파크,서울특별시 동작구 신대방동 722
보라매공원_중앙바닥분수,서울특별시 동작구 신대방동 722
보라매공원_테마놀이터,서울특별시 동작구 신대방동 722
보라매안전체험관,서울특별시 동작구 신대방동 722
보문사,서울특별시 성북구 보문사길 20
보성사터,서울특별시 종로구 견지동 46-1
보신각,서울특별시 종로구 종로 54
보신각터,서울특별시 종로구 관철동 45-3
보현정사,서울특별시 중랑구 상봉동 산24-3
복합문화공간에무,서울특별시 종로구 경희궁1가길 7
본다빈치뮤지엄능동,서울특별시 광진구 능동 18-11
본원정사(서울),서울특별시 강북구 수유동 산125
봉국사(서울),서울특별시 성북구 정릉동 636
봉원사,서울특별시 서대문구 봉원동 산1
봉은사,서울특별시 강남구 삼성동 73
봉은사_다래헌,서울특별시 강남구 삼성동 73
봉은사_미륵전,서울특별시 강남구 삼성동 73
봉은사_범종각,서울특별시 강남구 삼성동 73
봉은사_법왕루,서울특별시 강남구 삼성동 73
봉은사_보우당,서울특별시 강남구 삼성동 73
봉은사_비각,서울특별시 강남구 삼성동 73
봉은사_심검당,서울특별시 강남구 삼성동 73
봉은사_영각,서울특별시 강남구 삼성동 73
봉은사_영산전,서울특별시 강남구 삼성동 73
봉은사_요사,서울특별시 강남구 삼성동 73
봉은사_운하당,서울특별시 강남구 삼성동 73
봉은사_응향각,서울특별시 강남구 삼성동 73
봉은사_전통문화체험관,서울특별시 강남구 삼성동 73
봉은사_종루,서울특별시 강남구 삼성동 73
봉은사_지장전,서울특별시 강남구 삼성동 73
봉은사_진여문,서울특별시 강남구 삼성동 73
봉은사_판전,서울특별시 강남구 삼성동 73
봉일온천,서울특별시 관악구 은천로 28 봉일프라자
봉화산,서울특별시 중랑구 묵동
봉화산옹기테마공원,서울특별시 중랑구 신내동 777
봉황각,서울특별시 강북구 우이동 254
부엉이박물관,서울특별시 종로구 북촌로 143-10(삼청동)
북서울꿈의숲,서울특별시 강북구 번동 90
북서울꿈의숲_거울못,서울특별시 강북구 번동 90
북서울꿈의숲_글래스파빌리온,서울특별시 강북구 번동 94
북서울꿈의숲_드림스튜디오,서울특별시 강북구 번동 92
북서울꿈의숲_볼프라자,서울특별시 강북구 번동 91
북서울꿈의숲_브라운가든,서울특별시 강북구 번동 102
북서울꿈의숲_사슴방사장,서울특별시 강북구 번동 102
북서울꿈의숲_서울번동창녕위궁재사,서울특별시 강북구 번동 99
북서울꿈의숲_숲속문화전시장,서울특별시 강북구 번동 97
북서울꿈의숲_월영지,서울특별시 강북구 번동 98
북서울꿈의숲_잔디휴게마당,서울특별시 강북구 번동 102
북서울꿈의숲_전망대,서울특별시 강북구 번동 산28-6
북서울꿈의숲_조팝나무정원,서울특별시 강북구 번동 95
북서울꿈의숲_창포원,서울특별시 강북구 번동 93
북서울꿈의숲아트센터,서울특별시 강북구 번동 산28-6
북악산서울성곽,서울특별시 성북구 성북동
북악팔각정,서울특별시 종로구 북악산로 267 북악팔각정
북촌_동양문화박물관,서울특별시 종로구 삼청동 35-91
북촌문화센터,서울특별시 종로구 계동길 37
북촌한옥마을,서울특별시 종로구 계동길 37
북한산 래미안1단지,서울특별시 은평구 불광동 638
북한산 래미안2단지,서울특별시 은평구 불광동637
북한산국립공원,서울특별시 성북구 정릉동 산1-1
북한산국립공원(도봉지구),서울특별시 도봉구 도봉산길 86(도봉동)
북한산더샵,서울특별시 서대문구 통일로 510
북한산푸르지오아파트,서울특별시 은평구 녹번동 281
북한산현대홈타운,서울특별시 은평구 불광동 633
북한산힐스테이트1차,서울특별시 은평구 불광동 635
북한산힐스테이트3차 아파트,서울특별시 은평구 불광동 641
북한산힐스테이트7차 아파트,서울특별시 은평구 불광동 643
분재박물관,서울특별시 서초구 신흥안길 40-10(내곡동)
분토골어린이공원,서울특별시 은평구 증산동
불광롯데캐슬아파트,서울특별시 은평구 불광동 645
불광미성아파트,서울특별시 은평구 불광동 248
불광천생태에너지체험관,서울특별시 은평구 응암동
불국사,서울특별시 강남구 일원동 442
불암산자연공원,서울특별시 노원구 상계동 산173-3
브이센터,서울특별시 강동구 고덕동 402-6
블루스퀘어,서울특별시 용산구 한남동 727-56
블루스퀘어_아이마켓홀,서울특별시 용산구 한남동 727-56
빌리엔젤홍대점,서울특별시 마포구 와우산로 103
빽다방한양대점,서울특별시 성동구 마조로 21 1층
뻐꾸기어린이공원,서울특별시 노원구 하계동
사가정공원,서울특별시 중랑구 면목동 519
사각사각플레이스,서울특별시 송파구 잠실동 1-1
사당문화회관,서울특별시 동작구 사당동 248-6
사당솔밭도서관,서울특별시 동작구 사당동 708-1188
사비나뮤지엄,서울특별시 은평구 진관동 161-10
사육신공원,서울특별시 동작구 노량진동 152-3
사직공원,서울특별시 종로구 필운동 130-20
사직단,서울특별시 종로구 사직동
산악박물관,서울특별시 도봉구 도봉동 405
산천동부군당,서울특별시 용산구 효창원로15길 7
살곶이체육공원,서울특별시 성동구 사근동 102-16
삼각산금암미술관,서울특별시 은평구 진관길 21-2 삼각산금암미술관
삼각지어린이공원,서울특별시 용산구 용산동3가
삼선공원,서울특별시 성북구 삼선교로10바길 34
삼선상상어린이공원(삼군부총무당포함),서울특별시 성북구 삼선동1가 303
삼선초등학교,서울특별시 성북구 보문로29길 106
삼성동시장,서울특별시 관악구 삼성동 808-1
삼성딜라이트,서울특별시 서초구 서초대로74길 11(서초동)
삼성래미안공덕2차아파트,서울특별시 마포구 마포대로20길 26
삼성래미안공덕3차아파트,서울특별시 마포구 마포대로7길 22
삼성래미안라센트아파트,서울특별시 성북구 종암로24가길 80
삼성래미안파크팰리스아파트,서울특별시 송파구 동남로 225
삼성미술관Leeum,서울특별시 용산구 한남동 747-18
삼성산성지,서울특별시 관악구 신림동 산57-14
삼성암(서울),서울특별시 강북구 인수봉로23길 235(수유동)
삼성역사거리,서울특별시 강남구 삼성동
삼성출판박물관,서울특별시 종로구 구기동 126-4
삼육대학교,서울특별시 동대문구
삼육대학교_100주년기념관,서울특별시 노원구 공릉동 26-19
삼육대학교_90주년기념관,서울특별시 노원구 공릉동 26-21
삼육대학교_뉴스타트교육관,서울특별시 노원구 공릉동 26-19
삼육대학교_다니엘관,서울특별시 노원구 공릉동 26-19
삼육대학교_바울관,서울특별시 노원구 공릉동 26-19
삼육대학교_박물관,서울특별시 노원구 공릉동 26-60
삼육대학교_사무엘관,서울특별시 노원구 공릉동 26-21
삼육대학교_살렘관,서울특별시 노원구 공릉동 26-21
삼육대학교_선교70주년기념관,서울특별시 노원구 공릉동 26-21
삼육대학교_세계선교센터,서울특별시 노원구 공릉동 26-21
삼육대학교_스미스관,서울특별시 노원구 공릉동 26-21
삼육대학교_시온관,서울특별시 노원구 공릉동 26-21
삼육대학교_신학관,서울특별시 노원구 공릉동 26-21
삼육대학교_실험동물연구센터,서울특별시 노원구 공릉동 26-19
삼육대학교_아트&디자인관,서울특별시 노원구 공릉동 26-21
삼육대학교_에덴관,서울특별시 노원구 공릉동 26-21
삼육대학교_에스라관,서울특별시 노원구 공릉동 26-19
삼육대학교_요한관,서울특별시 노원구 공릉동 26-20
삼육대학교_원예학과온실,서울특별시 노원구 공릉동 26-21
삼육대학교_음악관,서울특별시 노원구 공릉동 26-21
삼육대학교_제1과학관,서울특별시 노원구 공릉동 26-21
삼육대학교_제1실습관,서울특별시 노원구 공릉동 26-21
삼육대학교_제2과학관,서울특별시 노원구 공릉동 26-21
삼육대학교_제3과학관,서울특별시 노원구 공릉동 26-20
삼육대학교_학생회관,서울특별시 노원구 공릉동 26-19
삼육서울병원,서울특별시 동대문구 망우로 82
삼익패션타운,서울특별시 중구 남창동 5
삼일독립선언유적지,서울특별시 종로구 인사동
삼전도비,서울특별시 송파구 잠실로 148
삼천사,서울특별시 은평구 진관동 산127-1
삼청각,서울특별시 성북구 성북동 330-115
삼청공원,서울특별시 종로구 북촌로 134-3 삼청공원관리실
삼청공원숲속도서관,서울특별시 종로구 삼청동
삼청기차박물관,서울특별시 종로구 북촌로 147
삿갓봉근린공원,서울특별시 노원구 중계동 356
상계대림아파트,서울특별시 노원구 상계동 172
상계문화정보도서관,서울특별시 노원구 상계동 1118-66
상계불암대림아파트,서울특별시 노원구 상계동 1289
상계역센트럴푸르지오아파트,서울특별시 노원구 상계동 85-33번지 일대
상계주공9단지아파트,서울특별시 노원구 노원로 532
상계청소년문화의집,서울특별시 노원구 상계동 966-15
상명대학교박물관,서울특별시 종로구 평창문화로 151(평창동)
상명대학교서울캠퍼스,서울특별시 종로구 홍지동 7-1
상명대학교서울캠퍼스_계당기념관,서울특별시 종로구 구기동 7-1
상명대학교서울캠퍼스_미래백년관,서울특별시 종로구 홍지동 7-1
상명대학교서울캠퍼스_중앙도서관,서울특별시 종로구 홍지동 7-1
상명대학교예술디자인센터,서울특별시 종로구 동숭동 1-38
상봉동성당,서울특별시 중랑구 면목로92길 34
상봉터미널,서울특별시 중랑구 상봉로 117
상상톡톡미술관,서울특별시 강북구 번동 90
상암동상점가,서울특별시 마포구 상암동 11-28
상암문화광장,서울특별시 마포구 상암동 1604.
상암소셜박스,서울특별시 성산구 성산동 661
상원미술관,서울특별시 종로구 평창31길 27(평창동)
새꿈어린이공원,서울특별시 용산구 동자동 8
새나라어린이공원,서울특별시 용산구 후암동 190-1
새락골어린이공원,서울특별시 은평구 신사동 5-21
새록어린이공원,서울특별시 은평구 녹번동 158-1
새마을전통시장,서울특별시 송파구 잠실동 205-15
새문안교회,서울특별시 종로구 새문안로 77 새문안교회
새싹작은도서관,서울특별시 서대문구 통일로27길 19 홍제1동 자치회관
새장골어린이공원,서울특별시 은평구 불광동 444-1
샘터화랑,서울특별시 서초구 고무래로8길 4(반포동)
생명과학박물관,서울특별시 양천구 목동 405-207
생명보험교육문화센터,서울특별시 종로구 새문안로5길 31 센터포인트 B/D 3층(도렴동)
생명의전화종합사회복지관,서울특별시 성북구 오패산로 21
샤로수길,서울특별시 관악구 봉천동
샤롯데씨어터,서울특별시 송파구 잠실동 40-1
샬트르성바오로수녀회역사박물관,서울특별시 중구 명동길 74-2
서갈현공원,서울특별시 은평구 갈현동 434-38
서강대교,서울특별시 영등포구 여의도동
서강대학교,서울특별시 마포구 신수동 1-1
서강대학교_가브리엘관,서울특별시 마포구 신수동 1-1
서강대학교_게페르트남덕우경제관,서울특별시 마포구 신수동 1-1
서강대학교_곤자가국제학사,서울특별시 마포구 신수동 1-1
서강대학교_김대건관,서울특별시 마포구 대흥동 22-60
서강대학교_떼이야르관,서울특별시 마포구 신수동 1-1
서강대학교_로욜라도서관1관,서울특별시 마포구 대흥동 1-1
서강대학교_로욜라도서관2관,서울특별시 마포구 신수동 1-1
서강대학교_리치과학관,서울특별시 마포구 대흥동 22-60
서강대학교_리치별관,서울특별시 마포구 신수동 1-1
서강대학교_마태오관,서울특별시 마포구 신수동 1-1
서강대학교_메리홀,서울특별시 마포구 신수동 1-1
서강대학교_바오로관,서울특별시 마포구 신수동 1-1
서강대학교_베르크만스우정원,서울특별시 마포구 신수동 1-1
서강대학교_본관,서울특별시 마포구 신수동 1-1
서강대학교_아담샬관,서울특별시 마포구 대흥동 1-1
서강대학교_알바트로스탑,서울특별시 마포구 신수동 1-1
서강대학교_엠마오관,서울특별시 마포구 신수동 1-1
서강대학교_예수회공동체,서울특별시 마포구 대흥동 1-1
서강대학교_이냐시오관,서울특별시 마포구 신수동 1-1
서강대학교_인공광합성연구센터,서울특별시 마포구 신수동 1-1
서강대학교_정하상관,서울특별시 마포구 신수동 1-1
서강대학교_천주교예수회센터,서울특별시 마포구 신수동 1-29
서강대학교_청년광장,서울특별시 마포구 신수동 1-1
서강대학교_최양업관,서울특별시 마포구 대흥동 1-1
서강대학교_토마스모어관,서울특별시 마포구 신수동 1-1
서강대학교_프란치스코관,서울특별시 마포구 대흥동 22-60
서강대학교_하비에르관,서울특별시 마포구 신수동 1-1
서강대학교_한국어교육센터,서울특별시 마포구 신수동 1-1
서경대학교,서울특별시 성북구 정릉동 산16-1
서경대학교_대일관,서울특별시 성북구 정릉동 산16-1
서경대학교_문예관,서울특별시 성북구 정릉동 산16-1
서경대학교_북악관,서울특별시 성북구 정릉동 산16-1
서경대학교_수인관,서울특별시 성북구 정릉동 산16-46
서경대학교_은주1관,서울특별시 성북구 정릉동 산16-1
서경대학교_은주2관,서울특별시 성북구 정릉동 산16-1
서경대학교_청운관,서울특별시 성북구 정릉동 산16-35
서경대학교_한림관,서울특별시 성북구 정릉동 산16-1
서경대학교_혜인관,서울특별시 성북구 정릉동 산16-1
서교예술실험센터,서울특별시 마포구 서교동 369-8
서달산수목학습원,서울특별시 동작구 흑석동 330
서대문구립이진아기념도서관,서울특별시 서대문구 현저동 101
서대문구청,서울특별시 서대문구 연희로 248 서대문구청
서대문독립공원,서울특별시 서대문구 현저동 101
서대문독립공원_3.1독립선언기념탑,서울특별시 서대문구 현저동 101
서대문독립공원_독립관,서울특별시 서대문구 현저동 101
서대문독립공원_방문자센터,서울특별시 서대문구 현저동 101
서대문독립공원_서재필동상,서울특별시 서대문구 현저동 101
서대문독립공원_순국선열추념탑,서울특별시 서대문구 현저동 101
서대문문화체육회관,서울특별시 서대문구 홍은동 산26-155
서대문소방서,서울특별시 서대문구 연희로 182 서대문소방서
서대문우체국,서울특별시 서대문구 성산로20길 9
서대문자연사박물관,서울특별시 서대문구 연희로32길 51(연희동)
서대문청소년수련관,서울특별시 서대문구 연희동 167-1
서대문형무소역사관,서울특별시 서대문구 현저동 101
서대문형무소역사관_공작사,서울특별시 서대문구 현저동 101
서대문형무소역사관_사형장,서울특별시 서대문구 현저동 101
서대문형무소역사관_한센병사,서울특별시 서대문구 현저동 101
서라벌고등학교,서울특별시 노원구 한글비석로5길 18 서라벌고등학교
서리풀공원,서울특별시 서초구 서초동 산165-4
서리풀청년아트갤러리,서울특별시 서초구 서초동 1451-95
서리풀청년아트센터,서울특별시 서초구 서초동 1583-10 104동 상가 3층
서빙고부군당,서울특별시 용산구 서빙고로59길 3-6
서서울어르신복지관,서울특별시 양천구 신월동 158-4
서서울예술교육센터,서울특별시 양천구 신월동 268-19
서소문성지역사박물관,서울특별시 중구 중림동 386
서소문역사공원,서울특별시 중구 칠패로 5
서울YMCA,서울특별시 종로구 종로 69 서울YMCA
서울가정법원,서울특별시 서초구 양재동 25-3
서울경모궁지,서울특별시 종로구 연건동 28-2
서울고려대학교중앙도서관,서울특별시 성북구 안암동5가 1-2
서울곰두리체육센터,서울특별시 송파구 오금동 51
서울과학고등학교,서울특별시 종로구 혜화로 63 서울과학고등학교
서울과학기술대학교,서울특별시 노원구 공릉동 172
서울과학기술대학교_대륙관,서울특별시 노원구 공릉동 172
서울과학기술대학교_무궁관,서울특별시 노원구 공릉동 172
서울과학기술대학교_미래관,서울특별시 노원구 공릉동 172
서울과학기술대학교_백주년기념관,서울특별시 노원구 공릉동 172
서울과학기술대학교_서울테크노파크,서울특별시 노원구 공릉동 172-3
서울과학기술대학교_아름관,서울특별시 노원구 공릉동 172
서울과학기술대학교_어학원,서울특별시 노원구 하계동 78-1
서울과학기술대학교_제2파워플랜트,서울특별시 노원구 공릉동 172
서울과학기술대학교_제2학생회관,서울특별시 노원구 공릉동 189
서울과학기술대학교_중앙도서관,서울특별시 노원구 하계동 172
서울과학기술대학교_체육관,서울특별시 노원구 공릉동 172
서울과학기술대학교_테크노큐브,서울특별시 노원구 공릉동 189
서울관상감관천대,서울특별시 종로구 원서동 206
서울광장,서울특별시 중구 태평로 2가 17-3
서울광진경찰서,서울특별시 광진구 구의동 254-32
서울광진경찰서교통센터,서울특별시 광진구 능동로 216 어린이대공원
서울교육대학교,서울특별시 서초구 서초동 1650
서울구벨기에영사관,서울특별시 관악구 남현동 1059-13
서울국가무형문화재전수회관,서울특별시 강남구 삼성동 112-2
서울국제고등학교,서울특별시 종로구 성균관로13길 40 서울국제고등학교
서울금성당,서울특별시 은평구 진관동
서울기록원,서울특별시 은평구 녹번동 7-1
서울남부지방검찰청,서울특별시 양천구 신정동 313-1
서울남부지방법원,서울특별시 양천구 신정동 313-1
서울남산국악당,서울특별시 중구 필동2가 84-1
서울남현동요지,서울특별시 관악구 남현동
서울논현동우체국,서울특별시 강남구 학동로 212 post ville
서울놀이마당,서울특별시 송파구 잠실동 47
서울대입구역(관악구청)1번출구,서울특별시 관악구 봉천동
서울대입구역(관악구청)4번출구,서울특별시 관악구 봉천동
서울대입구역(관악구청)5번출구,서울특별시 관악구 봉천동
서울대입구역(관악구청)6번출구,서울특별시 관악구 봉천동
서울대입구역(관악구청)8번출구,서울특별시 관악구 봉천동
서울대학교관악캠퍼스,서울특별시 관악구 신림동 산56-1
서울대학교관악캠퍼스_CJ어학관,서울특별시 관악구 신림동 산56-1
서울대학교관악캠퍼스_CJ인터내셔널센터,서울특별시 관악구 신림동 산56-1
서울대학교관악캠퍼스_건설환경공학부,서울특별시 관악구 신림동 산56-1
서울대학교관악캠퍼스_건설환경종합연구소,서울특별시 관악구 신림동 산56-1
서울대학교관악캠퍼스_경영대학,서울특별시 관악구 신림동 산56-1
서울대학교관악캠퍼스_공과대학,서울특별시 관악구 신림동 산56-1
서울대학교관악캠퍼스_관정도서관,서울특별시 관악구 신림동 산56-1
서울대학교관악캠퍼스_교수회관,서울특별시 관악구 신림동 산56-1
서울대학교관악캠퍼스_국가농림기상센터,서울특별시 관악구 신림동 산56-1
서울대학교관악캠퍼스_국제대학원,서울특별시 관악구 신림동 산56-1
서울대학교관악캠퍼스_규장각한국학연구원,서울특별시 관악구 신림동 산56-1
서울대학교관악캠퍼스_노천강당,서울특별시 관악구 신림동 산56-1
서울대학교관악캠퍼스_농업생명과학대학,서울특별시 관악구 신림동 194
서울대학교관악캠퍼스_대림국제관,서울특별시 관악구 신림동 산56-1
서울대학교관악캠퍼스_대학원교육연구동,서울특별시 관악구 신림동 산56-1
서울대학교관악캠퍼스_두레문예관,서울특별시 관악구 신림동 산56-1
서울대학교관악캠퍼스_롯데국제관,서울특별시 관악구 신림동 산56-1
서울대학교관악캠퍼스_문화관,서울특별시 관악구 신림동 산56-1
서울대학교관악캠퍼스_미술대학,서울특별시 관악구 신림동 산56-1
서울대학교관악캠퍼스_법과대학,서울특별시 관악구 신림동 산56
서울대학교관악캠퍼스_법학도서관,서울특별시 관악구 신림동 산56-1
서울대학교관악캠퍼스_보건대학원,서울특별시 관악구 신림동 산56-1
서울대학교관악캠퍼스_복지관,서울특별시 관악구 신림동 산56-1
서울대학교관악캠퍼스_브라질문화원,서울특별시 관악구 신림동 산56-1
서울대학교관악캠퍼스_사범대학,서울특별시 관악구 신림동 산56-1
서울대학교관악캠퍼스_사회과학관,서울특별시 관악구 신림동 산56-1
서울대학교관악캠퍼스_생명공학연구동,서울특별시 관악구 신림동 산56-1
서울대학교관악캠퍼스_선형구조실험동,서울특별시 관악구 신림동 산56-1
서울대학교관악캠퍼스_신소재공동연구소,서울특별시 관악구 신림동 산56-1
서울대학교관악캠퍼스_약학대학,서울특별시 관악구 신림동 산56
서울대학교관악캠퍼스_언어교육원,서울특별시 관악구 신림동 산56-1
서울대학교관악캠퍼스_연구공원,서울특별시 관악구 봉천동 산4-8
서울대학교관악캠퍼스_연구공원본관,서울특별시 관악구 봉천동 산4-8
서울대학교관악캠퍼스_예술관콘서트홀,서울특별시 관악구 봉천동 산4-8
서울대학교관악캠퍼스_예술복합연구동,서울특별시 관악구 봉천동 산4-8
서울대학교관악캠퍼스_우정글로벌사회공헌센터,서울특별시 관악구 신림동 산56-1
서울대학교관악캠퍼스_음악대학,서울특별시 관악구 신림동 산56-1
서울대학교관악캠퍼스_인문대학,서울특별시 관악구 신림동 산56-1
서울대학교관악캠퍼스_입학관리본부,서울특별시 관악구 신림동 산56-1
서울대학교관악캠퍼스_자연과학대학,서울특별시 관악구 신림동 산56-1
서울대학교관악캠퍼스_자하연,서울특별시 관악구 신림동 산56-1
서울대학교관악캠퍼스_제1공학관,서울특별시 관악구 신림동 산56-1
서울대학교관악캠퍼스_제2공학관,서울특별시 관악구 신림동 산56-1
서울대학교관악캠퍼스_종합운동장,서울특별시 관악구 신림동 산56-1
서울대학교관악캠퍼스_종합체육관,서울특별시 관악구 신림동 산56
서울대학교관악캠퍼스_중앙도서관,서울특별시 관악구 신림동 산56-1
서울대학교관악캠퍼스_천문대,서울특별시 관악구 신림동 산56-1
서울대학교관악캠퍼스_치의학대학원,서울특별시 관악구 신림동 150-19
서울대학교관악캠퍼스_포스코스포츠센터,서울특별시 관악구 신림동 산56-1
서울대학교관악캠퍼스_해동학술관,서울특별시 관악구 신림동 산56-1
서울대학교관악캠퍼스_행정관,서울특별시 관악구 봉천동 산4-8
서울대학교관악캠퍼스_행정대학원,서울특별시 관악구 신림동 산56-1
서울대학교관악캠퍼스_환경대학원,서울특별시 관악구 신림동 산56-1
서울대학교관악캠퍼스_환경안전원,서울특별시 관악구 신림동 산56-1
서울대학교문화관,서울특별시 관악구 신림동 산56-1
서울대학교박물관,서울특별시 관악구 신림동 산56-1
서울대학교병원,서울특별시 종로구 대학로 101
서울대학교병원_생체재료연구동,서울특별시 종로구 연건동 28-22
서울대학교병원교육동,서울특별시 종로구 연건동 28-22
서울대학교병원암병원,서울특별시 종로구 연건동 28-2 서울대학교암병원
서울대학교병원어린이병원,서울특별시 종로구 연건동 28-21
서울대학교병원의과대학_암연구소,서울특별시 종로구 연건동 28-22
서울대학교병원의학박물관,서울특별시 종로구 연건동 28-21
서울대학교연건캠퍼스,서울특별시 종로구 연건동 28-2
서울대학교연건캠퍼스_간연구소,서울특별시 종로구 연건동 28-22
서울대학교연건캠퍼스_간호대학,서울특별시 종로구 연건동 28-2
서울대학교연건캠퍼스_교육관,서울특별시 종로구 연건동 28-22
서울대학교연건캠퍼스_대한의원본관,서울특별시 종로구 연건동 28-21
서울대학교연건캠퍼스_바이오이종장기개발사업단연구실,서울특별시 종로구 연건동 28-22
서울대학교연건캠퍼스_연구관,서울특별시 종로구 연건동 28-22
서울대학교연건캠퍼스_의과대학,서울특별시 종로구 연건동 28-2
서울대학교연건캠퍼스_의과대학의생명연구원,서울특별시 종로구 연건동 28-22
서울대학교연건캠퍼스_의과학관,서울특별시 종로구 연건동 28-2
서울대학교연건캠퍼스_종합실습실,서울특별시 종로구 연건동 28-22
서울대학교연건캠퍼스_치의학대학원,서울특별시 종로구 연건동 28-2
서울대학교연건캠퍼스_학생관,서울특별시 종로구 연건동 28-22
서울대학교치과병원_치과의료기기중개임상시험센터,서울특별시 종로구 연건동 28-22
서울대한의원,서울특별시 종로구 연건동 28-2
서울도서관,서울특별시 중구 태평로1가 31
서울도시건축전시관,서울특별시 중구 태평로1가 60-6
서울돈화문국악당,서울특별시 종로구 와룡동 12-2
서울동대문닭한마리골목,서울특별시 종로구 종로40가길 14(종로5가)
서울동부지방법원,서울특별시 송파구 문정동 650
서울디자인창업센터,서울특별시 마포구 신촌로2길 19 코스테이션 서울디자인창업센터 3층~5층
서울명동성당,서울특별시 중구 명동2가 1-1
서울몽촌토성,서울특별시 송파구 방이동 88
서울무역전시컨벤션센터(SETEC),서울특별시 강남구 남부순환로 3104(대치동)
서울문화재단대학로연습실,서울특별시 종로구 동숭길 117
서울방이동고분군,서울특별시 송파구 방이동 125
서울번동창녕위궁재사,서울특별시 강북구 번동
서울복음교회,서울특별시 종로구 율곡로 264 서울복음교회
서울본부세관,서울특별시 강남구 언주로 721
서울살곶이다리,서울특별시 성동구 성수동
서울새활용플라자,서울특별시 성동구 자동차시장길 49(용답동)
서울색공원,서울특별시 영등포구 여의도동 8
서울생활사박물관,서울특별시 노원구 공릉동 622
서울서부지방검찰청,서울특별시 마포구 공덕동 105-1
서울서부지방법원,서울특별시 마포구 공덕동 105-1
서울성심병원,서울특별시 동대문구 왕산로 259 서울성심병원
서울숲,서울특별시 성동구 성수동1가 685-1
서울숲_곤충식물원,서울특별시 성동구 성수동1가 685-715
서울숲_정수식물원,서울특별시 성동구 성수동1가 676-1
서울숲여름캠핑장,서울특별시 성동구 뚝섬로 273
서울시립대종합사회복지관,서울특별시 중랑구 신내동 660
서울시립대학교,서울특별시 동대문구 전농동 694
서울시립대학교_100주년기념관,서울특별시 동대문구 휘경동 370
서울시립대학교_21세기관,서울특별시 동대문구 전농동 694
서울시립대학교_건설공학관,서울특별시 동대문구 전농동 694
서울시립대학교_건축구조실험동,서울특별시 동대문구 전농동 694
서울시립대학교_경농관,서울특별시 동대문구 전농동 694
서울시립대학교_과학기술관,서울특별시 동대문구 전농동 694
서울시립대학교_대강당,서울특별시 동대문구 전농동 694
서울시립대학교_미디어관,서울특별시 동대문구 전농동 694
서울시립대학교_미래관,서울특별시 동대문구 전농동 694
서울시립대학교_박물관,서울특별시 동대문구 전농동 90
서울시립대학교_배봉관,서울특별시 동대문구 전농동 694
서울시립대학교_법학관,서울특별시 동대문구 전농동 694
서울시립대학교_언무관,서울특별시 동대문구 전농동 694
서울시립대학교_웰니스센터,서울특별시 동대문구 전농동 694
서울시립대학교_음악관,서울특별시 동대문구 전농동 694
서울시립대학교_인문학관,서울특별시 동대문구 전농동 694
서울시립대학교_자연과학관,서울특별시 동대문구 전농동 694
서울시립대학교_자작마루,서울특별시 동대문구 전농동 694
서울시립대학교_전농관,서울특별시 동대문구 전농동 694
서울시립대학교_정보기술관,서울특별시 동대문구 전농동 694
서울시립대학교_제2공학관,서울특별시 동대문구 전농동 694
서울시립대학교_조형관,서울특별시 동대문구 전농동 694
서울시립대학교_창공관,서울특별시 동대문구 전농동 694
서울시립대학교_하늘못,서울특별시 동대문구 전농동 694
서울시립대학교_학생회관,서울특별시 동대문구 전농동 694
서울시립대학교_환경원예학과실험농장,서울특별시 동대문구 전농동 694
서울시립미술관,서울특별시 중구 서소문동 37
서울시립미술관_난지창작스튜디오,서울특별시 마포구 상암동 481-6
서울시립보라매청소년수련관,서울특별시 동작구 신대방동 722
서울시립북서울미술관,서울특별시 노원구 중계동 508
서울시립성동청소년수련관,서울특별시 성동구 행당동 7
서울시립수서청소년센터,서울특별시 강남구 수서동 749
서울식물원_방문자센터,서울특별시 강서구 마곡동 812
서울식물원_숲문화학교,서울특별시 강서구 마곡동 812
서울식물원_습지생태공원,서울특별시 강서구 마곡동 811-5
서울식물원_식물연구소,서울특별시 강서구 마곡동 812
서울식물원_어린이정원학교,서울특별시 강서구 마곡동 812
서울식물원_온실,서울특별시 강서구 마곡동 812
서울식물원_주제원,서울특별시 강서구 마곡동 812
서울식물원_호수공원,서울특별시 강서구 마곡동 811-3
서울신라호텔,서울특별시 중구 동호로 249번지
서울신림동민속순대타운,서울특별시 관악구 신림동 1640-31
서울아산병원,서울특별시 송파구 풍납2동 388-1
서울아트센터공평갤러리,서울특별시 종로구 인사동 15
서울암사동유적,서울특별시 강동구 암사동 139-2
서울약령시장,서울특별시 동대문구 제기동 1126-5
서울약령시한의약박물관,서울특별시 동대문구 제기동 1082
서울양천고성지,서울특별시 강서구 가양동 산4
서울어린이대공원_UN평화동산,서울특별시 광진구 능동 18
서울어린이대공원_고객안내센터,서울특별시 광진구 능동 18
서울어린이대공원_구의문,서울특별시 광진구 능동 18
서울어린이대공원_꿈마루,서울특별시 광진구 능동 18
서울어린이대공원_꿈틀꿈틀놀이터,서울특별시 광진구 능동 18
서울어린이대공원_놀이동산,서울특별시 광진구 능동 18
서울어린이대공원_능동숲속의무대,서울특별시 광진구 능동 18
서울어린이대공원_동물공연장,서울특별시 광진구 능동 18
서울어린이대공원_동물원,서울특별시 광진구 능동 18
서울어린이대공원_맘껏놀이터,서울특별시 광진구 능동 18
서울어린이대공원_맨발공원,서울특별시 광진구 능동 18
서울어린이대공원_모형땅굴,서울특별시 광진구 능동 18
서울어린이대공원_무지개분수,서울특별시 광진구 능동 18
서울어린이대공원_반려견놀이터,서울특별시 광진구 능동 18
서울어린이대공원_버섯마을,서울특별시 광진구 능동 18
서울어린이대공원_새싹마루,서울특별시 광진구 능동 18
서울어린이대공원_서울상상나라,서울특별시 광진구 능동 18
서울어린이대공원_소파방정환동상,서울특별시 광진구 능동 18
서울어린이대공원_수영장,서울특별시 광진구 능동 18
서울어린이대공원_순명비유강원석물,서울특별시 광진구 능동 18
서울어린이대공원_식물원,서울특별시 광진구 능동 18
서울어린이대공원_어린이땡땡마을,서울특별시 광진구 능동 18
서울어린이대공원_어린이헌장,서울특별시 광진구 능동 18
서울어린이대공원_열린무대,서울특별시 광진구 능동 18
서울어린이대공원_유관순동상,서울특별시 광진구 능동 18
서울어린이대공원_유모차대여소,서울특별시 광진구 능동 18
서울어린이대공원_을지문덕장군상,서울특별시 광진구 능동 18
서울어린이대공원_이승복어린이상,서울특별시 광진구 능동 18
서울어린이대공원_정문,서울특별시 광진구 능동 18
서울어린이대공원_테니스장,서울특별시 광진구 능동 18
서울어린이대공원_팔각당,서울특별시 광진구 능동 18
서울어린이대공원_풋살장,서울특별시 광진구 능동 18
서울어린이대공원_희망마루,서울특별시 광진구 능동 18
서울어린이대공원놀이동산_디노기차,서울특별시 광진구 능동 18
서울어린이대공원놀이동산_슈퍼바이킹,서울특별시 광진구 능동 18
서울어린이대공원동물원_꼬마동물마을,서울특별시 광진구 능동 18
서울어린이대공원동물원_들새마을,서울특별시 광진구 능동 18
서울어린이대공원동물원_맹수마을,서울특별시 광진구 능동 18
서울어린이대공원동물원_물새장,서울특별시 광진구 능동 18
서울어린이대공원동물원_바다동물관,서울특별시 광진구 능동 18
서울어린이대공원동물원_사슴마을,서울특별시 광진구 능동 18
서울어린이대공원동물원_열대동물관,서울특별시 광진구 능동 18
서울어린이대공원동물원_원숭이마을,서울특별시 광진구 능동 18
서울어린이대공원동물원_초식동물마을,서울특별시 광진구 능동 18
서울어린이대공원정문주차장,서울특별시 광진구 능동 18
서울여성공예센터더아리움,서울특별시 노원구 동일로174길 27
서울여성플라자,서울특별시 동작구 대방동 345-1
서울여자간호대학,서울특별시 서대문구 홍제동 287-89
서울여자대학교_50주년기념관,서울특별시 노원구 공릉동 126
서울여자대학교_고명우기념관,서울특별시 노원구 공릉동 126
서울여자대학교_삼각숲,서울특별시 노원구 공릉동 126
서울여자대학교_조형예술관,서울특별시 노원구 공릉동 126
서울역,서울특별시 용산구 한강대로 405(동자동) 서울역
서울역사박물관,서울특별시 종로구 신문로2가 2-1
서울역센트럴자이,서울특별시 중구 만리재로 175
서울역한라비발디센트럴아파트,서울특별시 중구 만리재로 177
서울연구원,서울특별시 서초구 서초동 391
서울영동교회,서울특별시 강남구 논현로132길 18
서울원각사지십층석탑,서울특별시 종로구 종로2가
서울월드컵경기장,서울특별시 마포구 성산동 515-39
서울월드컵경기장_보조경기장,서울특별시 마포구 성산동 497-4
서울웨스틴조선호텔,서울특별시 중구 소공로 106
서울의릉,서울특별시 성북구 석관동 409
서울장애인종합복지관,서울특별시 강동구 고덕동 317-24
서울적십자병원,서울특별시 종로구 평동 164
서울중구문화원,서울특별시 중구 장교동 1
서울중앙교회예닮골,서울특별시 강남구 봉은사로18길 49
서울중앙시장,서울특별시 중구 황학동 442
서울창업디딤터,서울특별시 노원구 동일로174길 27
서울창의예술교육센터,서울특별시 은평구 응암동 334-12
서울창전동공민왕사당,서울특별시 마포구 창전동 42-27
서울창포원_늘푸름원,서울특별시 도봉구 도봉동 4-1
서울창포원_붓꽃원,서울특별시 도봉구 도봉동 4-1
서울창포원_완충녹지대,서울특별시 도봉구 도봉동 4-1
서울창포원_책읽는언덕,서울특별시 도봉구 도봉동 4-1
서울창포원_천이관찰원,서울특별시 도봉구 도봉동 4-1
서울태릉과강릉,서울특별시 노원구 공릉동 산223-19
서울트릭아이뮤지엄,서울특별시 마포구 서교동 357-1
서울특별시교육청강동도서관,서울특별시 강동구 길동 362
서울특별시교육청강서도서관,서울특별시 강서구 등촌동 520-6
서울특별시교육청개포도서관,서울특별시 강남구 개포동 139
서울특별시교육청과학전시관,서울특별시 관악구 낙성대로 101(봉천동)
서울특별시교육청과학전시관_생태학습관,서울특별시 관악구 봉천동 234-1
서울특별시교육청과학전시관_천문대,서울특별시 관악구 봉천동 35-5
서울특별시교육청과학전시관남산분관,서울특별시 중구 회현동1가 산1-2
서울특별시교육청교육연구정보원,서울특별시 중구 회현동 100-177
서울특별시교육청노원평생학습관,서울특별시 노원구 동일로204길 13(중계동)
서울특별시교육청도봉도서관,서울특별시 도봉구 쌍문동 422-163
서울특별시교육청서대문도서관,서울특별시 서대문구 연희동 1-116
서울특별시교육청송파도서관,서울특별시 송파구 오금동 51
서울특별시교육청양천도서관,서울특별시 양천구 목동 905
서울특별시교육청어린이도서관,서울특별시 종로구 사직동 1-28
서울특별시교육청영등포평생학습관,서울특별시 영등포구 당산동 121-22
서울특별시교육청종로도서관,서울특별시 종로구 사직동 1-28
서울특별시데이터센터,서울특별시 서초구 서초동 393-1
서울특별시동부공원녹지사업소,서울특별시 동작구 여의대방로20길 33 보라매 테니스장사무실
서울특별시립청소년일시쉼터,서울특별시 용산구 만리재로 156-1
서울특별시보라매병원,서울특별시 동작구 보라매로5길 20 서울특별시보라매병원
서울특별시서부여성발전센터,서울특별시 양천구 신월동 139-1
서울특별시서울의료원,서울특별시 중랑구 신내로 156 서울의료원
서울특별시의회,서울특별시 중구 서소문동 37
서울특별시인재개발원_본관,서울특별시 서초구 서초동 391
서울특별시청,서울특별시 중구 세종대로 110
서울풍물시장,서울특별시 동대문구 신설동 109-5
서울한양도성,서울특별시 종로구 옥인6길 26-17
서울함공원,서울특별시 마포구 마포나루길 407(망원동)
서울행정법원,서울특별시 서초구 양재동 25-3
서울혁신파크SeMA창고,서울특별시 은평구 녹번동 5-30
서울혁신파크_극장동,서울특별시 은평구 녹번동 5-29
서울혁신파크_맛동,서울특별시 은평구 녹번동 5-29
서울혁신파크_미래청,서울특별시 은평구 녹번동 5-29
서울혁신파크_예술동,서울특별시 은평구 녹번동 5-29
서울혁신파크_우드파크,서울특별시 은평구 녹번동 7
서울혁신파크_재생동,서울특별시 은평구 녹번동 115
서울혁신파크_제작동,서울특별시 은평구 녹번동 산1-89
서울혁신파크_참여동,서울특별시 은평구 녹번동 5-29
서울혁신파크_청년청,서울특별시 은평구 녹번동 5-29
서울혜화동우체국,서울특별시 종로구 혜화로 1
서일대학교,서울특별시 중랑구 면목동 49-3
서초구립반포도서관,서울특별시 서초구 반포동 32-12
서초구민체육센터,서울특별시 서초구 반포동 114-3
서초구민회관,서울특별시 서초구 강남대로 201
서초구청,서울특별시 서초구 남부순환로 2584 서초구청
서초문화예술공원,서울특별시 서초구 양재동 200
서초문화예술회관,서울특별시 서초구 양재동 25
석관신동아파밀리에,서울특별시 성북구 화랑로 210-26
석천문화관,서울특별시 종로구 성균관로17길 11
석촌동고분군,서울특별시 송파구 석촌동 61-6번지
석촌동백제초기적석총,서울특별시 송파구 석촌동
석촌역사거리,서울특별시 송파구 송파동
석촌호수,서울특별시 송파구 잠실동 47
선농단역사문화관(서울),서울특별시 동대문구 무학로44길 38(제기동)
선돌극장,서울특별시 종로구 혜화로5길 5
선릉,서울특별시 강남구 선릉로100길 1
선유도공원,서울특별시 영등포구 당산동 1
선유도공원_녹색기둥의정원,서울특별시 영등포구 양화동 95
선유도공원_바람의언덕,서울특별시 영등포구 양화동 95
선유도공원_방문자안내소,서울특별시 영등포구 당산동 1
선유도공원_선유마당,서울특별시 영등포구 양화동 95
선유도공원_선유정,서울특별시 영등포구 양화동 95
선유도공원_수생식물원,서울특별시 영등포구 양화동 95
선유도공원_수질정화원,서울특별시 영등포구 당산동 1
선유도공원_온실,서울특별시 영등포구 당산동 1
선유도공원_원형소극장,서울특별시 영등포구 양화동 95
선유도공원_자생습초지,서울특별시 영등포구 양화동 52-1
선유도공원_전망대,서울특별시 영등포구 양화동 52-1
선유도공원_환경계류,서울특별시 영등포구 당산동 1
선유도공원_환경교실,서울특별시 영등포구 양화동 95
선유도공원_환경체험마당,서울특별시 영등포구 양화동 95
선잠단지,서울특별시 성북구 성북동 64-1
설화수플래그십스토어,서울특별시 강남구 도산대로45길 18(신사동)
성곡미술관,서울특별시 종로구 경희궁길 42(신문로2가)
성공회대학교,서울특별시 구로구 항동 1-1
성균관대학교,서울특별시 종로구 성균관로 25-2
성균관대학교인문사회과학캠퍼스_600주년기념관,서울특별시 종로구 명륜3가 53-21
성균관대학교인문사회과학캠퍼스_법학관,서울특별시 종로구 명륜3가 53-21
성균관대학교인문사회과학캠퍼스_수선관별관,서울특별시 종로구 명륜3가 53-21
성균관대학교인문사회과학캠퍼스_중앙학술정보관,서울특별시 종로구 명륜3가 53-21
"성균관대학교인문사회과학캠퍼스_퇴계인문관,다산경제관",서울특별시 종로구 명륜3가 53-21
성균관대학교인문사회과학캠퍼스_학생회관,서울특별시 종로구 명륜3가 53-21
성균관대학교인문사회과학캠퍼스_호암관,서울특별시 종로구 명륜3가 53-21
성균관탕평비각,서울특별시 종로구 명륜3가 53번지
성내전통시장,서울특별시 강동구 천호대로162길 65
성동4차산업혁명체험센터,서울특별시 성동구 살곶이길 327(행당동)
성동구립금호도서관,서울특별시 성동구 금호동1가 688
성동구립도서관,서울특별시 성동구 행당동 142-4
성동구민종합체육센터,서울특별시 성동구 왕십리로 89 성동구민종합체육센타
성동구청,서울특별시 성동구 행당동 7
성동생명안전배움터,서울특별시 성동구 마조로11길 6 성동생명안전배움터
성동장애인종합복지관,서울특별시 성동구 청계천로 506 성동종합사회복지관
성북구민체육관,서울특별시 성북구 화랑로13길 144 단독주소
성북구민회관,서울특별시 성북구 돈암동 616-364
성북구육아종합지원센터월곡,서울특별시 성북구 오패산로10길 19 성북구육아종합지원센터 월곡
성북구청,서울특별시 성북구 보문로 168 성북구청
성북도원_북악산생태체험관,서울특별시 성북구 성북동 226-58
성북동기도의집,서울특별시 성북구 성북로 80
성북선잠박물관,서울특별시 성북구 성북동 66-21
성북예술창작터,서울특별시 성북구 성북동1가 74-1
성북정보도서관,서울특별시 성북구 상월곡동 24-348
성북청소년미래지원센터,서울특별시 성북구 오패산로3길 87
성산대교,서울특별시 마포구 망원동
성수대교,서울특별시 성동구 옥수동
성수문화복지회관,서울특별시 성동구 성수1가1동 656-323
성수사거리,서울특별시 광진구 자양동
성수아트홀,서울특별시 성동구 성수동1가 656-323
성수연방,서울특별시 성동구 성수이로14길 14
성신여자대학교,서울특별시 성북구 돈암동 산7-1
성신여자대학교_학생별관,서울특별시 성북구 동선동3가 249-1
성애의료재단성애병원,서울특별시 영등포구 여의대방로53길 22 성애병원
성카타리나센터,서울특별시 중랑구 신내동
세계장신구박물관,서울특별시 종로구 북촌로5나길 2(화동)
세빛섬,서울특별시 서초구 올림픽대로 2085-14 세빛섬
세운상가,서울특별시 종로구 청계천로 159(장사동)
세종대로사거리,서울특별시 종로구 세종로
세종대왕기념관,서울특별시 동대문구 회기로 56
세종대왕동상,서울특별시 종로구 세종대로 175
세종대우정당,서울특별시 광진구 능동로 209
세종대율곡관,서울특별시 광진구 능동로 209
세종대진관홀,서울특별시 광진구 능동로 209
세종대집현관,서울특별시 광진구 능동로 209
세종대학교,서울특별시 광진구 군자동 98
세종대학교_광개토관,서울특별시 광진구 능동로 209
세종대학교_다산관,서울특별시 광진구 능동로 209
세종대학교_대양AI센터,서울특별시 광진구 능동로 209
세종대학교_세종사이버대학교,서울특별시 광진구 군자동 111-1
세종대학교_영실관,서울특별시 광진구 능동로 209
세종대학교_컨벤션센터,서울특별시 광진구 군자동 111-1
세종대학교광개토관,서울특별시 광진구 능동로 209
세종대학교군자관,서울특별시 광진구 능동로 209
세종대학교무방관,서울특별시 광진구 군자로 121
세종대학교박물관,서울특별시 광진구 능동로 209(군자동)
세종대학교용덕관,서울특별시 광진구 능동로 209
세종대학교충무관,서울특별시 광진구 능동로 209
세종대학생회관,서울특별시 광진구 능동로 209
세종대학술정보원,서울특별시 광진구 능동로 209
세종대홍진구조실험센터,서울특별시 광진구 능동로 209
세종로공원_빛과소리의고향,서울특별시 종로구 세종대로 189
세종로공원_주요한시비,서울특별시 종로구 세종대로 189
세종문화회관,서울특별시 종로구 세종로 81-3
세종미술관,서울특별시 종로구 세종대로 175
세종스포츠정형외과의원,서울특별시 광진구 능동로 209
세화미술관,서울특별시 종로구 신문로1가 226
셋이서문학관,서울특별시 은평구 진관길 23 셋이서문학관
소극장산울림,서울특별시 마포구 와우산로 157(서교동)
소극장혜화당,서울특별시 종로구 대학로12길 63(동숭동)
소마미술관,서울특별시 송파구 방이동 88
소악루,서울특별시 강서구 가양동
소월길어린이공원,서울특별시 용산구 이태원동 511 
소월아트홀,서울특별시 성동구 행당동 142-16
소의문터,서울특별시 중구 서소문동 58-41
소전서림,서울특별시 강남구 청담동 131-8
손기정기념관,서울특별시 중구 만리동2가 6-1 손기정 체육공원내
손기정체육공원,서울특별시 중구 만리동2가 6-1
송림식당,서울특별시 광진구 자양번영로 79
송원아트센터,서울특별시 종로구 화동 106-5
송재서재필선생상,서울특별시 서대문구 현저동 101
송파경찰서사거리,서울특별시 송파구 가락동
송파구립거마도서정보센터,서울특별시 송파구 거여동 195-1
송파구청,서울특별시 송파구 신천동 29-5
송파글마루도서관,서울특별시 송파구 장지동 846
송파나루공원,서울특별시 송파구 잠실동 47
송파더센트레아파트,서울특별시 송파구 위례광장로 163
송파도서관,서울특별시 송파구 오금동 51
송파동삼성래미안아파트,서울특별시 송파구 오금로32길 14
송파레미니스2단지아파트,서울특별시 송파구 동남로 341
송파문화원,서울특별시 송파구 잠실동 84
송파어린이도서관,서울특별시 송파구 잠실동 19-6
송파여성문화회관,서울특별시 송파구 송파동 113-2
송파오금호반베르디움아파트,서울특별시 송파구 동남로 342
송파와이즈더샵아파트,서울특별시 송파구 위례광장로 270
송파위례24단지꿈에그린아파트,서울특별시 송파구 위례광장로 121
송파위례도서관,서울특별시 송파구 위례광장로 210
송파책박물관,서울특별시 송파구 송파대로37길 77
송파청소년수련관,서울특별시 송파구 문정동 150-8
송파파인타운10단지아파트,서울특별시 송파구 송파대로8길 20
송파파인타운11단지아파트,서울특별시 송파구 송파대로8길 58
송파파인타운12단지아파트,서울특별시 송파구 송파대로8길 42
송파파인타운13단지아파트,서울특별시 송파구 송파대로8길 10
송파파인타운1단지아파트,서울특별시 송파구 충민로 188
송파파인타운2단지아파트,서울특별시 송파구 충민로 151
송파파인타운3단지아파트,서울특별시 송파구 충민로 152
송파파인타운5단지아파트,서울특별시 송파구 충민로4길 5
송파파인타운6단지아파트,서울특별시 송파구 충민로6길 14
송파파인타운7단지아파트,서울특별시 송파구 충민로4길 19
송파파인타운8단지아파트,서울특별시 송파구 충민로4길 6
송파파인타운9단지아파트,서울특별시 송파구 송파대로8길 17
송파한양1차아파트,서울특별시 송파구 가락로 187
송화벽화시장,서울특별시 강서구 강서로 263-29
쇳대박물관,"서울특별시 종로구 이화동 9-620 1,2층"
수국사,서울특별시 은평구 구산동 314
수도박물관,서울특별시 성동구 성수동1가 642-1
수락산당고개지구공원,서울특별시 노원구 상계동 115-1
수상관광콜택시승강장,서울특별시 송파구 잠실동
수색E편한세상대림한숲타운아파트,서울특별시 은평구 수색동 415-1
수색진흥엣세벨아파트,서울특별시 은평구 수색동 416-1
수연산방,서울특별시 성북구 성북동 248
수유삼성래미안아파트,서울특별시 강북구 한천로159길 8
수유일공원,서울특별시 강북구 수유동 605-405
수유전통시장,서울특별시 강북구 수유동 55-7
숙명여자대학교제1캠퍼스,서울특별시 용산구 청파동2가 53-12
숙명여자대학교제1캠퍼스_새힘관,서울특별시 용산구 청파동2가 53-41
숙명여자대학교제1캠퍼스_수련교수회관,서울특별시 용산구 청파동2가 53-12
숙명여자대학교제1캠퍼스_순헌관,서울특별시 용산구 청파동2가 53-12
숙명여자대학교제1캠퍼스_창업보육센터,서울특별시 용산구 청파동2가 53-12
숙명여자대학교제1캠퍼스_행정관,서울특별시 용산구 청파동2가 53-41
숙명여자대학교제2창학캠퍼스,서울특별시 용산구 청파동3가 115-23
숙명여자대학교제2창학캠퍼스_르네상스플라자,서울특별시 용산구 청파동3가 115
숙명여자대학교제2창학캠퍼스_미술대학,서울특별시 용산구 청파동3가 115
숙명여자대학교제2창학캠퍼스_백주년기념관,서울특별시 용산구 청파동3가 115
숙명여자대학교제2창학캠퍼스_약학대학,서울특별시 용산구 청파동3가 115
숙명여자대학교제2창학캠퍼스_음악대학,서울특별시 용산구 청파동3가 115
순천향대학교서울병원,서울특별시 용산구 한남동 657-58
순흥안씨양도공파묘군,서울특별시 금천구 시흥동
숭례문,서울특별시 중구 세종대로 40
숭례문수입상가,서울특별시 중구 남창동 51-1
숭실대학교,서울특별시 동작구 상도동 511
숭실대학교_문화관,서울특별시 동작구 상도동 487-7
숭실대학교_베어드홀,서울특별시 동작구 상도동 487-7
숭실대학교_벤처중소기업센터,서울특별시 동작구 상도동 487-7
숭실대학교_신양관,서울특별시 동작구 상도동 487-7
숭실대학교_안익태기념관,서울특별시 동작구 상도동 487-7
숭실대학교_웨스트민스터홀,서울특별시 동작구 상도동 487-7
숭실대학교_전산관,서울특별시 동작구 상도동 487-7
숭실대학교_조만식기념관,서울특별시 동작구 상도동 487-7
숭실대학교_중앙도서관,서울특별시 동작구 상도동 487-7
숭실대학교_창신관,서울특별시 동작구 상도동 487-7
숭실대학교_형남공학관,서울특별시 동작구 상도동 511
숭실대학교숭덕관,서울특별시 동작구 상도로 369 숭실대학교
숭실대학교한경직기념관,서울특별시 동작구 상도동 511
숭인재,서울특별시 종로구 숭인동 58-6
쉐라톤서울디큐브시티호텔,서울특별시 구로구 경인로 662
스위스그랜드호텔,서울특별시 서대문구 연희로 353
스위스그랜드호텔서울컨벤션센터,서울특별시 서대문구 홍은동 201-1
스트리트뮤지엄,서울특별시 중구 필동1가 24-11
스파도향,서울특별시 강남구 논현동 192-4
스파레이,서울특별시 서초구 잠원동 8-22
스페이스씨,서울특별시 강남구 신사동 627-8
스페이스캔,서울특별시 성북구 성북동 48
승동교회,서울특별시 종로구 인사동 137
시그니엘서울,서울특별시 송파구 올림픽로 300 롯데월드타워
시루뫼어린이공원,서울특별시 은평구 증산동 185-1
시립동작청소년성문화센터,서울특별시 동작구 신대방동 722
시립마포청소년센터,서울특별시 마포구 성산동 370
시립망우청소년센터,서울특별시 중랑구 망우동 241-2
시립문래청소년센터,서울특별시 영등포구 문래동3가 73
시립서울천문대,서울특별시 광진구 구천면로 2
시립용산노인종합복지관,서울특별시 용산구 독서당로11길 16 시립용산노인종합복지관
시립중앙청소년센터,서울특별시 중랑구 면목동 1382-10
시흥대교,서울특별시 금천구 시흥동
식민지역사박물관,서울특별시 용산구 청파동2가 42-8
신검사(서울),서울특별시 강북구 삼양로179길 209-44(우이동)
신공덕삼성래미안1차아파트,서울특별시 마포구 백범로37길 12
신공덕삼성래미안2차아파트,서울특별시 마포구 만리재로 74
신공덕삼성래미안3차아파트,서울특별시 마포구 만리재로 60
신길종합사회복지관,서울특별시 영등포구 신길1동 465-1
신내공원,서울특별시 중랑구 신내동 652
신내노인종합복지관,서울특별시 중랑구 신내동 771-1
신내동성당,서울특별시 중랑구 신내동 530-1
신내종합사회복지관,서울특별시 중랑구 봉화산로 165 신내아파트
신답역사거리,서울특별시 동대문구 답십리동
신도림2차우성아파트,서울특별시 구로구 신도림로 105
신도림e편한세상4차아파트,서울특별시 구로구 경인로65길 16-15
신도림동아1차아파트,서울특별시 구로구 신도림로 87
신도림동아2차아파트,서울특별시 구로구 경인로 643
신도림동아3차아파트,서울특별시 구로구 신도림로 78
신도림롯데아파트,서울특별시 구로구 새말로 31
신도림아이파크,서울특별시 구로구 경인로67길 33
신도림태영데시앙아파트,서울특별시 구로구 새말로 93
신동교육문화회관,서울특별시 서초구 잠원동 54-6
신동아아파트,서울특별시 용산구 이촌로 347
신림동순대타운,서울특별시 관악구 신림동
신림중앙시장,서울특별시 관악구 신림동 539
신림체육센터,서울특별시 관악구 미성동 산197-31
신문박물관,서울특별시 종로구 세종대로 152(세종로)
신사근린공원,서울특별시 은평구 신사동 산80-16
신사동교회,서울특별시 강남구 논현로152길 20
신사동이랜드타운아파트,서울특별시 은평구 신사동 367
신사동한신휴플러스아파트,서울특별시 은평구 신사동 365
신사두산위브2차아파트,서울특별시 은평구 신사동 371
신사미성아파트,서울특별시 은평구 신사동 1401
신사현대1차아파트,서울특별시 은평구 신사동 359
신선경과류인호묘역,서울특별시 송파구 동남로 263(오금동)
신설동역오거리,서울특별시 동대문구 신설동
신세계백화점[강남],서울특별시 강남구 반포동 19-3
신세계백화점[본점],서울특별시 중구 충무로1가 52-5
신세계백화점[타임스퀘어],서울특별시 영등포구 영등포동4가 434-5
신양중학교,서울특별시 광진구 자양강변길 73 서울신양중학교
신양초등학교,서울특별시 광진구 능동로 42
신원시장,서울특별시 관악구 신림동 1587-39
신월문화체육센터,서울특별시 양천구 신월동 987
신월야구장,서울특별시 양천구 신월동 산68-3
신월종합사회복지관,서울특별시 양천구 신월로24길 19 신월종합사회복지관
신응암시장,서울특별시 은평구 응암동 427-1
신천어린이교통공원,서울특별시 송파구 신천동 7-15
신촌세브란스병원,서울특별시 서대문구 신촌동 134
신촌세브란스병원_광혜관,서울특별시 서대문구 신촌동 134
신촌세브란스병원_심장혈관병원,서울특별시 서대문구 신촌동 134
신촌세브란스병원_안이비인후과병원,서울특별시 서대문구 신촌동 134
신촌세브란스병원_어린이병원,서울특별시 서대문구 신촌동 134
신촌세브란스병원_연세암병원,서울특별시 서대문구 신촌동 134
신촌세브란스병원_재활병원,서울특별시 서대문구 신촌동 134
신촌세브란스병원_제중관,서울특별시 서대문구 신촌동 134
신촌장로교회,서울특별시 서대문구 신촌로 43
신촌푸르지아1단지,서울특별시 서대문구 북아현로1길 50
신촌푸르지오2단지,서울특별시 서대문구 북아현로1길 50
신평화패션타운,서울특별시 중구 청계천로 298
신한갤러리(광화문),서울특별시 중구 세종대로 135-5(태평로1가)
신흥어린이공원,서울특별시 은평구 신사동 31-2
심산기념문화센터,서울특별시 서초구 반포동 114-3
싱글벙글교육센터,서울특별시 관악구 봉천동 산56-3
쌀박물관,서울특별시 중구 충정로1가 75-1
쌈지길,서울특별시 종로구 관훈동 38
쌍문근린공원,서울특별시 도봉구 쌍문동 산79
쌍용산근린공원,서울특별시 마포구 아현동 768
쌍용산어린이공원,서울특별시 마포구 아현동 769
씨랄라워터파크,서울특별시 영등포구 문래동3가 55-16
씨제이이엔엠센터,서울특별시 마포구 상암산로 66 CJ
씽크씽크미술관,서울특별시 강남구 삼성동 115-14
아라리오뮤지엄인스페이스,서울특별시 종로구 원서동 219
아르코미술관,서울특별시 종로구 동숭동 1-130
아르코예술극장,서울특별시 종로구 대학로10길 17(동숭동)
아름다운차박물관,서울특별시 종로구 인사동길 19-11(인사동)
아리랑시네미디어센터,서울특별시 성북구 돈암동 538-98
아리수나라,서울특별시 광진구 능동로 216(능동)
아마도예술공간,서울특별시 용산구 한남동 683-31
아모레퍼시픽미술관,서울특별시 용산구 한강대로 100
아시아공원,서울특별시 송파구 잠실동 84
아시아선수촌아파트,서울특별시 송파구 올림픽로4길 15
아이들극장,서울특별시 종로구 성균관로 91
아이파크몰,서울특별시 용산구 한강대로 23길 55
아차산,서울특별시 광진구 구의동 3-19
아차산봉수대터,서울특별시 중랑구 묵동 산46-19
아차산생태공원,서울특별시 광진구 광장동 370-2 아차산 생태공원
아트몰링장안점,서울특별시 동대문구 답십리로 288
아트센터K,서울특별시 종로구 동숭동 1-83
아트파크,서울특별시 종로구 삼청로 129(삼청동)
아트포레스트,서울특별시 종로구 동숭동 1-66
아트홀봄,서울특별시 동작구 여의대방로54길 18(대방동)
아현동전골목,서울특별시 마포구 아현동 327-10
아현시장,서울특별시 마포구 아현동 327-10
아현아이파크아파트,서울특별시 마포구 마포대로 246
안산도시자연공원,서울특별시 서대문구 연희동 산 2-37
안중근의사기념관,서울특별시 중구 소월로91
암사동선사주거지,서울특별시 강동구 올림픽로 875
암사동선사주거지원시생활전시관,서울특별시 강동구 암사동 139-2
암사생태공원,서울특별시 강동구 암사동 616-1
암사종합시장,서울특별시 강동구 암사동 501-17
애니멀뮤지엄더쥬,서울특별시 강동구 양재대로 1299 우용빌딩 2층
애오개도담어린이공원,서울특별시 마포구 마포대로24길 42
앵봉산보덕사,서울특별시 은평구 통일로 1079-31
약수사,서울특별시 관악구 신림동 318
약현성당,서울특별시 중구청파로 447-1
양원숲속도서관,서울특별시 중랑구 망우동 56
양재도서관,서울특별시 서초구 양재동 102-5
양재동화훼공판장(꽃문화체험관),서울특별시 서초구 강남대로 27(양재동) 화훼공판장 본관 B1-01호
양재시민의숲,서울특별시 서초구 양재동 236
양재시민의숲_야외공연장,서울특별시 서초구 양재동 236
양재시민의숲_자연학습장,서울특별시 서초구 양재동 236
양재역사거리,서울특별시 강남구 도곡동
양지근린공원,서울특별시 노원구 중계동
양천고성지,서울특별시 강서구 가양동 산8-4 외
양천구민체육센터,서울특별시 양천구 신정동 322-10
양천구사회적경제지원센터,서울특별시 양천구 목동동로 375 양천구사회적경제지원센터
양천구청,서울특별시 양천구 신정동 321-4
양천나눔누리센터,서울특별시 양천구 중앙로 250(신정동)
양천도서관,서울특별시 양천구 목동 905
양천문화회관,서울특별시 양천구 신정동 322
양천해누리복지관,서울특별시 양천구 목동동로 159 양천해누리복지관
양천해누리체육공원,서울특별시 양천구 신정동 330-4
양천향교,서울특별시 강서구 가양동 234
양화대교,서울특별시 마포구 합정동
양화진외국인선교사묘원,서울특별시 마포구 합정동 114-3
양화한강공원_야외씨름장,서울특별시 영등포구 양화동 1-4
양효공안맹담과정의공주묘역,서울특별시 도봉구 방학동 산63-1
어린이대공원_놀이동산,서울특별시 광진구 능동
어린이대공원_어린이땡댕마을,서울특별시 광진구 능동
어린이대공원_이승복어린이상,서울특별시 광진구 능동
어린이대공원_팔각정,서울특별시 광진구 능동
어린이대공원역,서울특별시 광진구 능동로 210
어린이대공원역사거리,서울특별시 광진구 화양동
어린이도서관꿈틀,서울특별시 동대문구 전농동 산32-9
어린이청소년비전센터,서울특별시 동대문구 이문로1길 11
어린이회관,서울특별시 광진구 능동 18
어반하이브,서울특별시 강남구 논현동 200-7
언남문화체육센터,서울특별시 서초구 양재동 310
언주역,서울특별시 강남구 봉은사로 201
에비뉴엘아트홀,서울특별시 송파구 올림픽로 300
에스파스루이비통서울,서울특별시 강남구 청담동 99-18 4층
에스팩토리,서울특별시 성동구 성수동2가 273-13
엘리에나호텔,서울특별시 강남구 논현로 645
여의도공원,서울특별시 영등포구 여의도동 2
여의도공원_문화의마당,서울특별시 영등포구 여의도동 2
여의도공원_사모정,서울특별시 영등포구 여의도동 2
여의도공원_세종대왕동상,서울특별시 영등포구 여의도동 2
여의도공원_여의정,서울특별시 영등포구 여의도동 2
여의도공원_자연생태의숲,서울특별시 영등포구 여의도동 2
여의도공원_잔디마당,서울특별시 영등포구 여의도동 2
여의도공원_제1교육장,서울특별시 영등포구 여의도동 2
여의도공원_지당,서울특별시 영등포구 여의도동 2
여의도공원_한국전통의숲,서울특별시 영등포구 여의도동 2
여의도샛강생태공원_관찰마루,서울특별시 영등포구 여의도동 39
여의도샛강생태공원_그늘마루,서울특별시 영등포구 여의도동 49
여의도샛강생태공원_마루다리,서울특별시 영등포구 여의도동 49
여의도샛강생태공원_문화다리,서울특별시 영등포구 여의도동 39
여의도샛강생태공원_물억새군락,서울특별시 영등포구 여의도동 19-2
여의도샛강생태공원_물억새마당,서울특별시 영등포구 여의도동 19
여의도샛강생태공원_반딧불이생태관,서울특별시 영등포구 여의도동 4-9
여의도샛강생태공원_방개못,서울특별시 영등포구 여의도동 39
여의도샛강생태공원_버드나무군락지,서울특별시 영등포구 여의도동 9
여의도샛강생태공원_버드나무습지대,서울특별시 영등포구 여의도동 9
여의도샛강생태공원_버들광장,서울특별시 영등포구 여의도동 19-1
여의도샛강생태공원_생태연못,서울특별시 영등포구 여의도동 49
여의도샛강생태공원_수변광장,서울특별시 영등포구 여의도동 58
여의도샛강생태공원_수질정화원,서울특별시 영등포구 여의도동 523
여의도샛강생태공원_야생초화원,서울특별시 영등포구 여의도동 58
여의도샛강생태공원_야생화둔덕,서울특별시 영등포구 여의도동 39
여의도샛강생태공원_여의광장,서울특별시 영등포구 여의도동 57
여의도샛강생태공원_여의못,서울특별시 영등포구 여의도동 39
여의도샛강생태공원_오리못,서울특별시 영등포구 여의도동 49
여의도샛강생태공원_전망마루,서울특별시 영등포구 여의도동 59
여의도샛강생태공원_해오라기숲,서울특별시 영등포구 여의도동 49
여의도한강공원_녹음수광장,서울특별시 영등포구 여의도동 85
여의도한강공원_민속놀이마당,서울특별시 영등포구 여의도동 86-7
역마을어린이공원,서울특별시 은평구 역촌동
역말어린이공원,서울특별시 은평구 역촌동 47-1
역삼1동주민센터,서울특별시 강남구 역삼로7길 16 역삼1문화센터
역삼세무서,서울특별시 강남구 테헤란로 114
역삼청소년수련관,서울특별시 강남구 역삼2동 776-8
역삼푸른솔도서관,서울특별시 강남구 역삼동 827-61 4층
역촌동동부센트레빌,서울특별시 은평구 역촌동 232
역촌중앙시장,서울특별시 은평구 연서로17길 18-6
연산군묘,서울특별시 도봉구 방학동 562-3
연서시장,서울특별시 은평구 통일로 850 연서시장
연서어린이공원,서울특별시 은평구 역촌동 32-36
연세대학교신촌캠퍼스,서울특별시 서대문구 연세로 50
연세대학교신촌캠퍼스_GS칼텍스산학협력관,서울특별시 서대문구 신촌동 134
연세대학교신촌캠퍼스_IBS관,서울특별시 서대문구 신촌동 134
연세대학교신촌캠퍼스_간호대학,서울특별시 서대문구 신촌동 134
연세대학교신촌캠퍼스_경영대학,서울특별시 서대문구 신촌동 134
연세대학교신촌캠퍼스_공학원,서울특별시 서대문구 신촌동 134
연세대학교신촌캠퍼스_과학관,서울특별시 서대문구 연희동 134
연세대학교신촌캠퍼스_과학원,서울특별시 서대문구 신촌동 134
연세대학교신촌캠퍼스_광복관,서울특별시 서대문구 신촌동 134
연세대학교신촌캠퍼스_노천극장,서울특별시 서대문구 신촌동 134
연세대학교신촌캠퍼스_대우관,서울특별시 서대문구 신촌동 134
연세대학교신촌캠퍼스_대우관별관,서울특별시 서대문구 신촌동 134
연세대학교신촌캠퍼스_대운동장,서울특별시 서대문구 연희동 27
연세대학교신촌캠퍼스_백양관,서울특별시 서대문구 신촌동 134
연세대학교신촌캠퍼스_빌링슬리관,서울특별시 서대문구 신촌동 134
연세대학교신촌캠퍼스_삼성관,서울특별시 서대문구 신촌동 134
연세대학교신촌캠퍼스_성암관,서울특별시 서대문구 신촌동 134
연세대학교신촌캠퍼스_스팀슨관,서울특별시 서대문구 신촌동 134
연세대학교신촌캠퍼스_스포츠센터,서울특별시 서대문구 신촌동 134
연세대학교신촌캠퍼스_아식설계공동연구소,서울특별시 서대문구 신촌동 134
연세대학교신촌캠퍼스_아펜젤러관,서울특별시 서대문구 신촌동 134
연세대학교신촌캠퍼스_야구장,서울특별시 서대문구 창천동 95
연세대학교신촌캠퍼스_언더우드가기념관,서울특별시 서대문구 신촌동 134
연세대학교신촌캠퍼스_언더우드관,서울특별시 서대문구 신촌동 134
연세대학교신촌캠퍼스_연세삼성학술정보관,서울특별시 서대문구 신촌동 134
연세대학교신촌캠퍼스_온실,서울특별시 서대문구 신촌동 134
연세대학교신촌캠퍼스_외솔관,서울특별시 서대문구 신촌동 134
연세대학교신촌캠퍼스_우정원,서울특별시 서대문구 신촌동 134
연세대학교신촌캠퍼스_위당관,서울특별시 서대문구 신촌동 134
연세대학교신촌캠퍼스_의과대학신관,서울특별시 서대문구 신촌동 134
연세대학교신촌캠퍼스_재활학교,서울특별시 서대문구 신촌동 134
연세대학교신촌캠퍼스_첨단과학기술연구관,서울특별시 서대문구 신촌동 134
연세대학교신촌캠퍼스_체육관,서울특별시 서대문구 신촌동 134
연세대학교신촌캠퍼스_체육교육관,서울특별시 서대문구 신촌동 134
연세대학교신촌캠퍼스_치과대학,서울특별시 서대문구 신촌동 134
연세대학교신촌캠퍼스_치과대학병원,서울특별시 서대문구 신촌동 134
연세대학교신촌캠퍼스_핀슨관,서울특별시 서대문구 신촌동 134
연세대학교신촌캠퍼스_학군단,서울특별시 서대문구 신촌동 134
연세대학교신촌캠퍼스_한경관,서울특별시 서대문구 신촌동 134
연신내상점가,서울특별시 은평구 갈현동 400-19
연우소극장,서울특별시 종로구 창경궁로35길 21(혜화동) 다림빌딩 지하
연희동주민센터,서울특별시 서대문구 연희로 189 연희동주민센터
열녀문,서울특별시 양천구 신월동 894
열린금호교육문화관,서울특별시 성동구 금호동2가 511
염리생활체육관,서울특별시 마포구 염리동 174-3
영동대교,서울특별시 광진구 자양동
영동전통시장,서울특별시 강남구 논현동 145-16
영동제일교회,서울특별시 강남구 학동로6길 31
영등포구곤충체험학습장,서울특별시 영등포구 선유동1로 80
영등포구민회관,서울특별시 영등포구 당산동3가 3
영등포구청,서울특별시 영등포구 당산로 123 영등포구청
영등포로타리지하상가,서울특별시 영등포구 영등포동3가 32
영등포시장기계공구상가,서울특별시 영등포구 영등포동2가 167-1
영등포유통상가,서울특별시 영등포구 당산동2가 30-2
영등포제2스포츠센터,서울특별시 영등포구 당산동4가 96-1
영등포종합사회복지관,서울특별시 영등포구 신길로13길 4 영등포종합사회복지관
영등포중앙시장,서울특별시 영등포구 영등포동5가 18-1
영등포청과시장,서울특별시 영등포구 당산동1가 166-1
영산법화사,서울특별시 종로구 동숭길 116 불교교단영산법화사
영산아트홀,서울특별시 영등포구 여의공원로 101(여의도동)
영산양재홀,서울특별시 서초구 양재1동 20-4
영일시장,서울특별시 영등포구 문래동3가 10
영조친필집자,서울특별시 성북구 보문동3가 218-38
영천시장,서울특별시 서대문구 영천동 323
영화사,서울특별시 광진구 구의동
영휘원과숭인원,서울특별시 동대문구 청량리2동 205번지
예림당아트홀,서울특별시 강남구 역삼동 772
예술의전당,서울특별시 서초구 남부순환로 2406(서초동)
예술의전당_오페라하우스,서울특별시 서초구 서초동 700
예술의전당_음악당,서울특별시 서초구 서초동 산130-24
예술의전당_푸치니바,서울특별시 서초구 서초동 1180-2
예술의전당서예박물관,서울특별시 서초구 서초동 700
예술의전당한가람미술관,서울특별시 서초구 서초동 700
예스24라이브홀,서울특별시 광진구 광장동 319-33
예화랑,서울특별시 강남구 신사동 532-3
오금공원,서울특별시 송파구 오금동 51
오동공원,서울특별시 성북구 하월곡동 산2-1
오동근린공원,서울특별시 강북구 번동 산17-11
오동근린공원_실내배드민턴장,서울특별시 강북구 번동 산17-11
오류문화센터,서울특별시 구로구 오류동 64-28
오목공원,서울특별시 양천구 목동서로 159-2(목동)
오휘스파논현,서울특별시 강남구 논현동 27-2
온수근린공원,서울특별시 노원구 상계동 687
온조대왕문화체육관,서울특별시 강동구 고덕동 296
올리바인스파,서울특별시 종로구 통일로16길 4-1(무악동)
올림픽공원,서울특별시 송파구 방이동 88
올림픽공원_88잔디마당,서울특별시 송파구 방이동 88-2
올림픽공원_KSPODOME,서울특별시 송파구 방이동 88-2
올림픽공원_만남의광장,서울특별시 송파구 방이동 88
올림픽공원_서울올림픽파크텔,서울특별시 송파구 방이동 88
올림픽공원_실내테니스장,서울특별시 송파구 방이동 88
올림픽공원_올림픽수영장,서울특별시 송파구 방이동 88
올림픽공원_올림픽홀,서울특별시 송파구 방이동 88-2
올림픽공원_우리금융아트홀,서울특별시 송파구 방이동 88-2
올림픽공원_장미광장,서울특별시 송파구 방이동 88
올림픽공원_평화의광장,서울특별시 송파구 방이동 88
올림픽공원사거리,서울특별시 송파구 방이동
올림픽공원세계평화의문,서울특별시 송파구 방이동
올림픽기념국민생활관,서울특별시 종로구 혜화동 1-21
올림픽대교,서울특별시 송파구 신천동
올림픽훼미리타운아파트,서울특별시 송파구 중대로 24
와룡공원,서울특별시 종로구 명륜3가 53-52
왕십리여행자거리,서울특별시 성동구 도선동
왕십리역오거리,서울특별시 성동구 행당동
왜고개성지,서울특별시 용산구 한강대로 40길 46
용강상점가,서울특별시 마포구 마포동 36-1
용덕사(서울),서울특별시 강북구 우이동 산68(우이동)
용두문화복지센터,서울특별시 동대문구 고산자로28길 13
용마랜드,서울특별시 중랑구 망우동 산69-1
용마폭포공원,서울특별시 중랑구 면목동 산1-4
용비교,서울특별시 성동구 금호동4가
용산e편한세상아파트,서울특별시 용산구 원효로 216
용산KCC스위첸아파트,서울특별시 용산구 백범로 275
용산가족공원,서울특별시 용산구 용산동6가 168-6
용산공예관,서울특별시 용산구 한남동 728-10
용산구청,서울특별시 용산구 녹사평대로 150 용산구종합행정타운
용산꿈나무종합타운,서울특별시 용산구 백범로 329
용산롯데캐슬센터포레아파트,서울특별시 용산구 백범로 313
용산문화체육센터,서울특별시 용산구 문배동 19-2
용산성당,서울특별시 용산구 산천동 2-11
용산아트홀,서울특별시 용산구 이태원동 34-87
용산역,서울특별시 용산구 한강대로 23길 55
용산용문전통시장,서울특별시 용산구 용문동 43-6
용산파크자이아파트,서울특별시 용산구 한강대로 205
용산푸르지오파크타운1단지아파트,서울특별시 용산구 장문로6길 76
용산푸르지오파크타운2단지아파트,서울특별시 용산구 녹사평대로 66
용신동주민센터,서울특별시 동대문구 천호대로27길 35 용신동주민센터
용양봉저정,서울특별시 동작구 본동
우란문화재단,서울특별시 성동구 성수동2가 314-12
우리들병원서울김포공항점,서울특별시 강서구 과해동 676.
우리옛돌박물관,서울특별시 성북구 성북동 330-605
우림시장,서울특별시 중랑구 망우동 463-45
우면산도시자연공원생태놀이터,서울특별시 서초구 바우뫼로12길(양재동)
"우성1,2,3차아파트",서울특별시 송파구 올림픽로4길 42
우암구기각자증주벽립,서울특별시 종로구 명륜동 1가
우정총국,서울특별시 종로구 우정국로 59
운현궁,서울특별시 종로구 삼일대로 464 운현궁
원남교회,서울특별시 종로구 율곡로 183
원당샘공원,서울특별시 도봉구 해등로32가길 16 원당경로당
원터근린공원,서울특별시 노원구 상계동
원효대교,서울특별시 영등포구 여의도동
월계문화정보도서관,서울특별시 노원구 월계동 598
월곡두산위브,서울특별시 성북구 오패산로 46
월곡래미안루나밸리아파트,서울특별시 성북구 월곡로14길 26
월곡인조잔디축구장,서울특별시 성북구 화랑로13길 144 성북구민체육관
월곡종합사회복지관,서울특별시 성북구 오패산로16길 23 월곡종합사회복지관
월드컵공원,서울특별시 마포구 월드컵로 243-60(성산동)
월드컵공원_디자인서울갤러리,서울특별시 마포구 성산동 390-1
웨스트웨어하우스,서울특별시 은평구 통일로 684
위례송파푸르지오아파트,서울특별시 송파구 위례광장로 185
위례스타힐스아파트,서울특별시 송파구 위례광장로 215
위례아이파크2차아파트,서울특별시 송파구 위례광장로 230
유니버설아트센터,서울특별시 광진구 능동 25
유니플렉스,서울특별시 종로구 대학로12길 64
유린원광종합사회복지관,서울특별시 중랑구 신내동 572-2
유심사,서울특별시 종로구 계동 43
유아트스페이스,서울특별시 강남구 압구정로71길 10(청담동)
육군사관학교화랑회관,서울특별시 노원구 공릉동 51-1
윤동주문학관,서울특별시 종로구 창의문로 119
윤봉길의사기념관,서울특별시 서초구 양재동 236
윤스칼라,서울특별시 마포구 상수동 86-33
율곡로,서울특별시 종로구 와룡동 2-123
으뜸공원,서울특별시 양천구 신월동
은가어린이공원,서울특별시 서대문구 북가좌동
은뜨락도서관,서울특별시 은평구 통일로 972 은뜨락도서관
은평구립도서관,서울특별시 은평구 불광동 산59-32
은평구민체육센터,서울특별시 은평구 진관동 산54-2
은평구청,서울특별시 은평구 은평로 195 은평구보건소
은평노인종합복지관,서울특별시 은평구 진관동 156-6
은평뉴타운 기자촌11단지 아파트,서울특별시 은평구 진관동 150
은평뉴타운 마고정 동부센트레빌3단지아파트,서울특별시 은평구 진관동 107
은평뉴타운 상림마을 푸르지오5단지 아파트,서울특별시 은평구 진관동 5
은평뉴타운 상림마을 푸르지오6단지 아파트,서울특별시 은평구 진관동 1
은평뉴타운 상림마을 현대아이파크,서울특별시 은평구 진관동 13
은평뉴타운 우물골 두산위브8단지 아파트,서울특별시 은평구 진관동 88
은평뉴타운도서관,서울특별시 은평구 진관동 93
은평뉴타운상림마을 롯데캐슬2단지,서울특별시 은평구 진관동 14
은평다목적체육관,서울특별시 은평구 진관1로 52
은평문화예술회관,서울특별시 은평구 녹번동 85-4
은평문화원,서울특별시 은평구 녹번동 85-4
은평신사두산위브아파트,서울특별시 은평구 신사동 370
은평인공암벽장,서울특별시 은평구 통일로 1078
은평청소년수련관,서울특별시 은평구 응암동 산6-46
은평한옥마을,서울특별시 은평구 진관동 127-27
응봉근린공원한남,서울특별시 용산구 한남동 726-180
응암1동마을마당공원,서울특별시 은평구 응암동 97-17
응암9구역어린이공원,서울특별시 은평구 응암동 761-9
응암동금호타운아파트,서울특별시 은평구 응암동 739
응암어린이공원,서울특별시 은평구 응암동85-41
응암역효성해링턴플레이스,서울특별시 은평구 신사동 372
응암우성아파트,서울특별시 은평구 응암동694-1
응암정보도서관,서울특별시 은평구 응암동 730-3
응암푸르지오아파트,서울특별시 은평구 응암동176
이대목동병원,서울특별시 양천구 목동 911-1
이랜드크루즈,서울특별시 영등포구 여의도동 85-1
이룸센터,서울특별시 영등포구 의사당대로 22 이룸센터
이리자한복전시관,서울특별시 종로구 삼청로 20(사간동)
이목화랑,서울특별시 종로구 가회동 1-71
이문체육문화센터,서울특별시 동대문구 이문동 189
이스라엘문화원,서울특별시 서초구 서초대로74길 23
이슬람성원,서울특별시 용산구 이태원동
이승만대통령기념관,서울특별시 종로구 이화동 1
이원등상사동상,서울특별시 용산구 양녕로 446
이음센터,"서울특별시 종로구 대학로 112 (동숭동, 이음)"
이촌동부센트레빌아파트,서울특별시 용산구 이촌로 174
이촌종합시장,서울특별시 용산구 이촌동 301-18
이촌코오롱아파트,서울특별시 용산구 이촌로87길 21
이탈리아의무부대6.25전쟁참전기념비,서울특별시 영등포구 신길동 210
이태원관광특구,서울특별시 용산구 이태원로 196(이태원동)
이태원부군당,서울특별시 용산구 녹사평대로40다길 37
이태원시장,서울특별시 용산구 이태원동 56-9
이태원앤틱가구거리,서울특별시 용산구 이태원동
이태원어린이공원,서울특별시 용산구 이태원동 290-9
이태원주공아파트,서울특별시 용산구 녹사평대로 286
이튼타워리버3,서울특별시 광진구 능동로 18
이튼타워리버5아파트,서울특별시 광진구 능동로4길 40
이한열박물관,서울특별시 마포구 신촌로12나길 26(노고산동)
이화마을,서울특별시 종로구 동숭동 199-10
이화벽화마을,서울특별시 종로구 이화장길 70-11
이화여대아산공학관,서울특별시 서대문구 대현동11-1
이화여자대학교,서울특별시 서대문구 이화여대길 52
이화여자대학교_교육과학연구소,서울특별시 서대문구 대현동 11-1
이화여자대학교_대학교회,서울특별시 서대문구 대현동 11-1
이화여자대학교_법학관,서울특별시 서대문구 대현동 11-1
이화여자대학교_삼성교육문화관,서울특별시 서대문구 대신동 33
이화여자대학교_삼성홀,서울특별시 서대문구 대현동 11-1
이화여자대학교_영학관,서울특별시 서대문구 대현동 11-1
이화여자대학교_이화역사관,서울특별시 서대문구 대현동 11-1
이화여자대학교_입학관,서울특별시 서대문구 대현동 11-1
이화여자대학교_조형예술관A동,서울특별시 서대문구 대현동 11-1
이화여자대학교_조형예술관B동,서울특별시 서대문구 대현동 11-1
이화여자대학교_조형예술관C동,서울특별시 서대문구 대현동 11-1
이화여자대학교_헬렌관,서울특별시 서대문구 대현동 11-1
이화여자대학교의료원,서울특별시 강서구 마곡동 808
인덕대학교,서울특별시 노원구 월계동 산76-1
인덕대학교_교회,서울특별시 노원구 월계동 648
인덕대학교_덕관,서울특별시 노원구 월계동 648
인덕대학교_연지스퀘어,서울특별시 노원구 월계동 648
인덕대학교_은봉관,서울특별시 노원구 월계동 산76-1
인덕대학교_인관,서울특별시 노원구 월계동 648
인덕대학교_제1공학관,서울특별시 노원구 월계동 648
인덕대학교_제2공학관,서울특별시 노원구 월계동 648
인덕대학교_조형관,서울특별시 노원구 월계동 648
인덕대학교_중앙도서관,서울특별시 노원구 월계동 648
인덕대학교_창업선도대학관,서울특별시 노원구 월계동 648
인도박물관,서울특별시 서초구 서초1동 1444-21
인사미술공간,서울특별시 종로구 창덕궁길 89(원서동)
인사아트프라자갤러리,서울특별시 종로구 관훈동 21
인영아트센터,서울특별시 종로구 경운동 66-3
인왕시장,서울특별시 서대문구 홍제동 298-1
인제대학교상계백병원,서울특별시 노원구 상계동 761-1
인제대학교상계백병원_근육감소센터,서울특별시 노원구 상계동 761-1
인제대학교상계백병원_무수혈센터,서울특별시 노원구 상계동 761-1
인조유기비어린이공원,서울특별시 은평구 역촌동
인터컨티넨탈서울코엑스,서울특별시 강남구 봉은사로 524
인헌시장,서울특별시 관악구 남부순환로246나길 14
인현시장,서울특별시 중구 인현동2가 192-1
일민미술관,서울특별시 종로구 세종대로 152(세종로)
일본공보문화원,서울특별시 종로구 운니동 114-8
일석기념관,서울특별시 종로구 동숭3길 40 일석 기념관
일신건영휴먼빌,서울특별시 성북구 아리랑로 89
일신홀,서울특별시 용산구 한남동 714 일신빌딩 1층
일자산자연공원,서울특별시 강동구 동남로 660일대
일자산허브천문공원,서울특별시 강동구 둔촌동 산86
임마누엘교회,서울특별시 강북구 번동 229-2
자생식물학습장,서울특별시 종로구 창경궁로 185(와룡동)
자양동 대동아파트,서울특별시 광진구 뚝섬로31길 20
자양사거리,서울특별시 광진구 구의동
자양전통시장,서울특별시 광진구 자양동 602
자양현대홈타운10차아파트,서울특별시 광진구 뚝섬로34길 25-19
자양현대홈타운7차아파트,서울특별시 광진구 능동로 4길 41
잠두봉유적,서울특별시 마포구 합정동
잠수교,서울특별시 서초구 반포동
잠실대교,서울특별시 송파구 신천동
잠실더샵스타파크,서울특별시 송파구 올림픽로35가길 10
잠실리센츠아파트,서울특별시 송파구 올림픽로 135
잠실엘스아파트,서울특별시 송파구 올림픽로 99
잠실역사거리,서울특별시 송파구 신천동
잠실올림픽공원아이파크,서울특별시 송파구 올림픽로43길 34
잠실종합운동장,서울특별시 송파구 올림픽로 25 서울종합운동장
잠실종합운동장_잠실야구장,서울특별시 송파구 잠실동 10-1 서울종합운동장
잠실주공5단지아파트,서울특별시 송파구 송파대로 567
잠실트리지움,서울특별시 송파구 잠실로 62
잠실파크리오아파트,서울특별시 송파구 올림픽로 435
잠원스포츠센터,서울특별시 서초구 잠원동 71-10
장미1차아파트,서울특별시 송파구 올림픽로35길 104
장미공원,서울특별시 동대문구 장안동
장안근린공원,서울특별시 동대문구 장한로 191
장안어린이도서관,서울특별시 동대문구 장안동 342-23
장안평자동차산업종합정보센터,서울특별시 성동구 자동차시장3길 64(용답동)
장위뉴타운참누리아파트,서울특별시 성북구 한천로101길 18
장위전통시장,서울특별시 성북구 장위동 68-185
장춘단공원_사명대사동상,서울특별시 중구 장충동2가 197
장춘단공원_이준열사동상,서울특별시 중구 장충동2가 197
장춘단공원_장충단비,서울특별시 중구 장충동2가 197
장춘단공원_한국유림독립운동파리장서비,서울특별시 중구 장충동2가 197
장충체육관,서울특별시 중구 장충동2가 200-102
장희빈우물터,서울특별시 서대문구 연희동
적조사(서울),서울특별시 성북구 돈암동 593
전기박물관,서울특별시 서초구 서초동 1355
전쟁과여성인권박물관,서울특별시 마포구 성산동 39-13
전쟁기념관_광개토대왕릉비,서울특별시 용산구 용산동1가 8
전쟁기념관_옥외전시장,서울특별시 용산구 용산동1가 8
전쟁기념관_전사자명비,서울특별시 용산구 용산동1가 8
전주이씨광평대군파묘역,서울특별시 강남구 광평로31길 20(수서동)
전차381호,서울특별시 종로구 새문안로 50
전태일기념관,서울특별시 종로구 관수동 152-1
전통염료식물원,서울특별시 용산구 서빙고로 137(용산동6가)
절두산순교성지,서울특별시 마포구 토정로 6
정독도서관,서울특별시 종로구 화동 2
정동1928아트센터,서울특별시 중구 덕수궁길 130 구세군중앙회관
정동교회,서울특별시 중구 정동길 46 정동교회
정동극장,서울특별시 중구 정동길 43 정동극장
정릉,서울특별시 성북구 아리랑로19길 116
정릉e편한세상1차아파트,서울특별시 성북구 솔샘로24길 15
정릉e편한세상2차아파트,서울특별시 성북구 북악산로 851
정릉대우푸르지오아파트,서울특별시 성북구 보국문로 19
정릉현대힐스테이트3차아파트,서울특별시 성북구 보국문로 116
정릉힐스테이트1차아파트,서울특별시 성북구 북악산로 831
정릉힐스테이트아파트,서울특별시 성북구 정릉로 292
정립회관,서울특별시 광진구 구의2동 16-3
정몽주동상,서울특별시 마포구 합정동 401-2
정법사(서울),서울특별시 성북구 성북동 330
정정공강사상묘역,서울특별시 관악구 신림동 산107
정화예술대학교명동캠퍼스,서울특별시 중구 남산동1가 8-1
정효국악문화재단,서울특별시 서초구 서초동 1618-55
제이플아트,서울특별시 서초구 서초동 1695-4
제일기획홍보관,서울특별시 용산구 이태원로 222
제일평화시장,서울특별시 중구 신당동 775
조계사,서울특별시 종로구 수송동 44
조선왕릉전시관,서울특별시 노원구 공릉동 산223-19
조선일보뉴지엄,서울특별시 동작구 현충로 124(흑석동)
조선일보미술관,서울특별시 중구 정동 1-16
조형갤러리,서울특별시 종로구 인사동 194-27
종각젊음의거리,서울특별시 종로구 관철동
종로1가사거리,서울특별시 종로구 종로1가
종로구청,서울특별시 종로구 삼봉로 43 종로구청
종로노인종합복지관,서울특별시 종로구 율곡로19길 17-8 종로노인종합복지관
종로문화원,서울특별시 종로구 율곡로 5(중학동)
종로성당,서울특별시 종로구 인의동 167
종로신진시장,서울특별시 종로구 종로5가 225-21
종로타워,서울특별시 종로구 공평동 70
종묘,서울특별시 종로구 종로 157
종묘광장공원,서울특별시 종로구 훈정동 1-2
종묘광장공원_공민당신당,서울특별시 종로구 종로 157 종묘공원
종묘광장공원_월남이상재선생,서울특별시 종로구 종로 157 종묘공원
종암SK,서울특별시 성북구 종암로24가길 53
종암SK뷰2차,서울특별시 성북구 종암로24길 35
종암삼성래미안아파트,서울특별시 성북구 종암로25길 30
종암아이파크1차,서울특별시 성북구 종암로21길 127
종암아이파크2차,서울특별시 성북구 종암로9길 71
종이나라박물관,서울특별시 중구 장충동1가 62-35
종합운동장사거리,서울특별시 송파구 잠실동
좌월어린이공원,서울특별시 은평구 갈현동
주한독일문화원,서울특별시 용산구 소월로 132(후암동)
주한영국문화원,서울특별시 중구 서소문로11길 19(정동)
주한중국문화원,서울특별시 종로구 사직로 8길 23-1
주한프랑스문화원,서울특별시 중구 칠패로 42
중계3동우체국,서울특별시 노원구 공릉로 392
중계근린공원,서울특별시 노원구 중계동 507-3
중계벽산3차아파트,서울특별시 노원구 덕릉로77길 5
중계주공3단지아파트,서울특별시 노원구 덕릉로 662
중계주공4단지아파트,서울특별시 노원구 덕릉로76길 29
중계주공5단지아파트,서울특별시 노원구 중계로 230
중곡문화체육센터,서울특별시 광진구 중곡동 168-8
중곡제일전통시장,서울특별시 광진구 중곡동 221-6
중랑구립면목정보도서관,서울특별시 중랑구 면목동 115-18
중랑구립정보도서관,서울특별시 중랑구 묵동 22
중랑구민체육센터,서울특별시 중랑구 묵동 22-1
중랑구민회관,서울특별시 중랑구 면목동 378-10
중랑구청,서울특별시 중랑구 봉화산로 179 중랑구청
중랑동부시장,서울특별시 중랑구 면목동 294-19
중랑문화원,서울특별시 중랑구 면목동 378-4
중랑문화체육관,서울특별시 중랑구 면목7동 519
중랑소방서,서울특별시 중랑구 신내동 644-2
중랑숲어린이도서관,서울특별시 중랑구 망우로73길 46-1
중랑아트센터,서울특별시 중랑구 망우로 353 이노시티 C동 B2F
중랑천,서울특별시 광진구 중곡동
중랑캠핑숲,서울특별시 중랑구 망우동 76
중림동삼성사이버빌리지,서울특별시 중구 중림로 10
중림종합사회복지관,서울특별시 중구 서소문로6길 16
중부시장,서울특별시 중구 오장동 139-11
중앙대학교병원,서울특별시 동작구 흑석동 224-1
중앙대학교서울캠퍼스_100주년기념관,서울특별시 동작구 흑석동 221
중앙대학교서울캠퍼스_본관,서울특별시 동작구 흑석동 221
중앙대학교서울캠퍼스_아트센터대극장,서울특별시 동작구 흑석동 221
중앙대학교서울캠퍼스_운동장,서울특별시 동작구 흑석동 221
중앙대학교서울캠퍼스_중앙광장,서울특별시 동작구 흑석동 221
중앙대학교서울캠퍼스_청룡연못,서울특별시 동작구 흑석동 221
중앙대학교평동캠퍼스,서울특별시 종로구 평동 85-15
증산체육공원,서울특별시 은평구 증산동
지구촌민속박물관,서울특별시 중구 회현동1가 100-177
지식재산전문도서관,서울특별시 강남구 역삼동 647-9
진관사,서울특별시 은평구 진관동 354
진리관,서울특별시 동작구 상도로 36
진화랑,서울특별시 종로구 효자로 25(통의동)
참다래어린이공원,서울특별시 은평구 응암동120-22
창경궁,서울특별시 종로구 창경궁로 185 창경궁
창덕궁,서울특별시 종로구 율곡로 99
창동대우그린아파트,서울특별시 도봉구 덕릉로 371
창동문화체육센터,서울특별시 도봉구 창동 1-6
창동삼성래미안아파트,서울특별시 도봉구 노해로66길 21
창동역사문화공원,서울특별시 도봉구 창동 303
창동주공4단지아파트,서울특별시 도봉구 덕릉로 350
창의문(자하문),서울특별시 종로구 창의문로 118
창천문화공원,서울특별시 서대문구 창천동
창희보석예술관,서울특별시 강남구 압구정로 210(신사동)
책읽는엄마책읽는아이,서울특별시 성동구 금호동3가 산2-8
천간사,서울특별시 은평구 불광동 642-1
천주교순교성지새남터기념성당,서울특별시 용산구 이촌로 80-8
천주교연희동성당,서울특별시 서대문구 연희로 64-14
천주교위례성모승천성당,서울특별시 송파구 장지동 362-2 위례성모승천성당 입구
천주교자양동성당,서울특별시 광진구 능동로4길 13 (자양동)
천호공원,서울특별시 강동구 올림픽로 702 해공도서관
천호대교,서울특별시 송파구 풍남동
천호사거리,서울특별시 강동구 성내동
청계천,서울특별시 종로구 창신동
청계천박물관,서울특별시 성동구 마장동 527-4
청계천발원지,서울특별시 종로구 청운동
청계천수족관거리,서울특별시 종로구 청계천로 일대
청계천판잣집체험관,서울특별시 성동구 마장동 527-4
청담근린공원,서울특별시 강남구 청담동 66
청담대교,서울특별시 광진구 자양동
청담동양파라곤,서울특별시 강남구 학동로97길 31
청담사거리,서울특별시 강남구 청담동
청담삼성진흥아파트,서울특별시 강남구 학동로 513
청담삼익시장,서울특별시 강남구 청담동 134-20
청량리수산시장,서울특별시 동대문구 고산자로34길 48
청량리전통시장,서울특별시 동대문구 왕산로35길 24
청량리청과물시장,서울특별시 동대문구 왕산로33길 4
청룡사(서울),서울특별시 종로구 숭인동 17-1
청암2단지아파트,서울특별시 노원구 덕릉로94가길 20
청운문학도서관,서울특별시 종로구 자하문로36길 40
청작화랑,서울특별시 강남구 압구정로 134(신사동)
청평화시장,서울특별시 중구 신당동 217-91
청화랑,서울특별시 강남구 청담동 7-21
초안산체육공원,서울특별시 노원구 월계동
초안산캠핑장,서울특별시 노원구 마들로5가길 66-107
총신대학교,서울특별시 동작구 사당동 200-1
최규하대통령가옥,서울특별시 마포구 서교동 467-5
추계예술대학교,서울특별시 서대문구 북아현동 190-1
축구전시관,서울특별시 종로구 경희궁길 46(신문로2가)
춘원당한의약박물관,서울특별시 종로구 낙원동 153-1
충무공이순신동상,서울특별시 종로구 세종대로 175
충무로대한극장,서울특별시 중구
충무아트센터,서울특별시 중구 흥인동 131
충숙근린공원,서울특별시 노원구 한글비석로 168
충숙이공신도비,서울특별시 노원구 하계동
충암초등학교,서울특별시 은평구 가좌로5길 5
충우곤충박물관,서울특별시 강서구 강서로 139
충익공신경진묘역,서울특별시 중랑구 용마공원로5길 33
충정로SK뷰,서울특별시 서대문구 서소문로 43-8
충주정토사지홍법국사탑,서울특별시 용산구 서빙고로 137(용산동6가)
카이스갤러리,서울특별시 강남구 언주로174길 13(신사동)
카톨릭대학교서울성모병원,서울특별시 서초구 반포동 505
카톨릭대학교여의도성모병원,서울특별시 영등포구 여의도동 62
카톨릭대학교은평성모병원,서울특별시 은평구 진관동 93-6
커먼그라운드,서울특별시 광진구 아차산로 200
컬처스페이스엔유,서울특별시 종로구 대학로12길 73
케이스타일허브(K-StyleHub),서울특별시 중구 청계천로 40(다동) 한국관광공사 서울센터 빌딩
코리아나화장박물관,서울특별시 강남구 신사동 627-8
코엑스,서울특별시 강남구 영동대로 513
코엑스사거리,서울특별시 강남구 삼성동
코엑스아쿠아리움,서울특별시 강남구 삼성동 159
코엑스아티움,서울특별시 강남구 삼성동 159
코오롱하늘채,서울특별시 은평구 갈현동 545
콘래드서울,서울특별시 영등포구 국제금융로 10
크라운해태키즈뮤지엄,서울특별시 용산구 한강대로72길 3(남영동)
키미아트,서울특별시 종로구 평창30길 47(평창동)
키즈오토파크,서울특별시 광진구 능동 18
타임스퀘어,서울특별시 영등포구 영등포동4가 442
탄허기념박물관,서울특별시 강남구 자곡동 285
탑골공원,서울특별시 종로구 종로2가 38-1
탑골생태공원,서울특별시 은평구 진관동 산63-4
탑골생태공원_실외학습장,서울특별시 은평구 진관동 387
태릉,서울특별시 노원구 화랑로 727
태릉선수촌,서울특별시 노원구 공릉동 산223-19
태릉선수촌_실내빙상장,서울특별시 노원구 공릉동 223-19
태릉선수촌_한국체육박물관,서울특별시 노원구 공릉2동 산223-19
테크노마트,서울특별시 광진구 광나루로56길 85 테크노-마트21
테크노마트신도림점,서울특별시 구로구 새말로 97
테크노마트하늘공원,서울특별시 광진구 광나루로56길 85
테헤란로,서울특별시 강남구 역삼동
템플스테이홍보관,서울특별시 종로구 우정국로 56(견지동)
토닌갤러리,서울특별시 용산구 회나무로44길 11
통계청나라셈도서관,서울특별시 강남구 언주로 721 서울세관 별관 4층
파리공원,서울특별시 양천구 목동 906
파크하얏트서울,서울특별시 강남구 테헤란로 606
파티오세븐호텔,서울특별시 강남구 논현로 736
팔레드서울,서울특별시 종로구 통의동 6
페리지홀&갤러리,서울특별시 서초구 서초동 1451-51
평화문화진지,서울특별시 도봉구 도봉동 8
평화시장,서울특별시 중구 을지로 6가 17
평화의공원,서울특별시 마포구 상암동 1535
평화의공원_메트로폴리스길,서울특별시 마포구 상암동 1535
평화의공원_모험놀이터,서울특별시 마포구 성산동 390-1
평화의공원_바닥분수,서울특별시 마포구 상암동 1535
평화의공원_별자리광장,서울특별시 마포구 상암동 1535
평화의공원_유니세프광장,서울특별시 마포구 성산동 390-1
평화의공원_종합안내소,서울특별시 마포구 상암동 1535
평화의공원_평화의정원,서울특별시 마포구 상암동 1535
평화의공원_평화잔디광장,서울특별시 마포구 상암동 1535
평화의공원_피크닉장,서울특별시 마포구 상암동 1535
포니정홀,서울특별시 강남구 영동대로 520(삼성동)
포레나노원아파트,서울특별시 노원구 노원로38길 76
포방터시장,서울특별시 서대문구 포방터길 46
포수동어린이공원,서울특별시 은평구 응암동 115-25
포스코미술관,서울특별시 강남구 테헤란로 440(대치동)
포스트극장,서울특별시 마포구 창전동 5-92
포시즌스호텔서울,서울특별시 종로구 새문안로 97
포포인츠바이쉐라톤,서울특별시 강남구 도산대로 203
폭포동 힐스테이트 아파트,서울특별시 은평구 진관동 140
푸드뱅크마켓신월점&50스타트센터,서울특별시 양천구 곰달래로13길 73(신월동)
푸에스토갤러리,서울특별시 종로구 명륜1가 31-2
풍납도깨비시장,서울특별시 송파구 풍납동 152-81
풍납토성,서울특별시 송파구 풍납동 72-1
프라이어팰리스,서울특별시 강동구 고덕로 130
프로젝트스페이스사루비아,서울특별시 종로구 자하문로16길 4지하 (창성동)
프로젝트프리즘(#ProjectPRISM),서울특별시 강남구 도산대로 336(논현동)
플랫폼엘,서울특별시 강남구 논현동 85-11
플랫폼창동61,서울특별시 도봉구 창동 1-9
피규어뮤지엄W,서울특별시 강남구 청담동 84-9
하나로갤러리,서울특별시 종로구 인사동5길 25(인사동)
하나아트갤러리,서울특별시 종로구 인사동10길 2(관훈동)
하늘공원,서울특별시 마포구 상암동 482
하자센터,서울특별시 영등포구 영신로 200 서울시립청소년직업체험센터
학고재,서울특별시 종로구 소격동 70
학동사거리,서울특별시 강남구 청담동
학동역,서울특별시 강남구 학동로 180
학림사,서울특별시 노원구 상계동 1
학산도서관,서울특별시 종로구 평창동 466-9
학생회관,서울특별시 동작구 상도로 36
학전블루소극장,서울특별시 종로구 대학로12길 46(동숭동)
한가람미술관,서울특별시 서초구 서초동 700
한강대교,서울특별시 용산구 이촌동
한강맨션,서울특별시 용산구 이촌로 248
한강수상법당,서울특별시 광진구
한강시민공원양화지구,서울특별시 영등포구 당산동 98-1
한강시민공원여의도지구(여의도한강공원),서울특별시 영등포구 여의동로 330
한강시민공원잠실지구,서울특별시 송파구 잠실동 1-1
한강시민공원잠원지구(잠원한강공원),서울특별시 서초구 잠원로 221-124(잠원동)
한국경제발전전시관,서울특별시 동대문구 회기로 47 글로벌지식협력단지
한국고전번역원,서울특별시 은평구 진관1로 85
한국공항공사_항공지원센터,서울특별시 강서구 과해동 676
한국공항공사서울지역본부,서울특별시 강서구 과해동 676
한국교통안전공단노원자동차검사소,서울특별시 노원구 공릉로62길 41 한국교통안전공단 노원자동차검사소
한국금융사박물관,서울특별시 중구 태평로1가 62-12
한국문화예술교육진흥원,서울특별시 마포구 상암동 1607
한국문화예술진흥원,서울특별시 종로구 동숭동 1-130
한국문화의집,서울특별시 강남구 대치동 944-22
한국방송통신대학교,서울특별시 종로구 대학로 86 한국방송통신대학
한국방송통신대학교나눔관,서울특별시 종로구 이화장길 81
한국방송통신대학교대학원,서울특별시 종로구 이화장길 81
한국방송통신대학교도서관,서울특별시 종로구 대학로 86
한국방송통신대학교방송국,서울특별시 종로구 이화장길 81
한국방송통신대학교배움관,서울특별시 종로구 이화장길 81
한국방송통신대학교별관,서울특별시 종로구 이화장길 54
한국방송통신대학교본부,서울특별시 종로구 이화장길 81
한국방송통신대학교역사관,서울특별시 종로구 대학로 86
한국방송통신대학교열린관,서울특별시 종로구 이화장길 81
한국방송통신대학교우편취급국,서울특별시 종로구 대학로 86
한국방송통신대학교창조관,서울특별시 종로구 이화장길 81
한국색동박물관,서울특별시 종로구 권농동 187-25
한국성서대학교,서울특별시 노원구 상계동 205-4
한국성서대학교_갈멜관,서울특별시 노원구 상계동 205-4
한국성서대학교_모리아관,서울특별시 노원구 상계동 205-4
한국성서대학교_밀알관,서울특별시 노원구 상계동 205-4
한국영상자료원,서울특별시 마포구 상암동 1602
한국예술종합학교,서울특별시 성북구 석관동 409
한국예술종합학교_본관,서울특별시 성북구 석관동 409
한국예술종합학교_예술극장,서울특별시 성북구 석관동 409
한국예술종합학교석관동캠퍼스,서울특별시 성북구 석관동 409
한국예술종합학교석관동캠퍼스연극원,서울특별시 성북구 화랑로32길 146-37
한국예술종합학교석관동캠퍼스예술정보관,서울특별시 성북구 화랑로32길 146-37
한국예술종합학교석관동캠퍼스천장관,서울특별시 성북구 화랑로32길 146-37
한국예절문화원,서울특별시 서대문구 남가좌동 가재울로4길 43
한국외국어대학교서울캠퍼스,서울특별시 동대문구 이문동 270-1
한국외국어대학교서울캠퍼스_대운동장,서울특별시 동대문구 이문동 270-1
한국외국어대학교서울캠퍼스_법과대학,서울특별시 동대문구 이문동 277-1
한국외국어대학교서울캠퍼스_본관,서울특별시 동대문구 이문동 270-1
한국외국어대학교서울캠퍼스_사범대학,서울특별시 동대문구 이문동 270-1
"한국외국어대학교서울캠퍼스_사회과학대학,상경대학",서울특별시 동대문구 이문동 277-1
한국외국어대학교서울캠퍼스_서양어대학,서울특별시 동대문구 이문동 270-1
한국외국어대학교서울캠퍼스_아시아언어문화대학,서울특별시 동대문구 이문동 270-1
한국원자력의학원_국가방사선비상진료센터,서울특별시 노원구 공릉2동 215-4
한국원자력의학원_방사선의학연구소제1연구동,서울특별시 노원구 공릉동 215-4
한국원자력의학원_방사선의학연구소제2연구동,서울특별시 노원구 공릉동 215-4
한국원자력의학원_방사선의학연구소제3연구동,서울특별시 노원구 공릉동 215-4
한국원자력의학원_원자력병원장례식장,서울특별시 노원구 공릉동 215-4
한국원자력의학원국가방사선비상진료센터_실험동물연구동,서울특별시 노원구 공릉동 215-4
한국원자력의학원원자력병원,서울특별시 노원구 공릉2동 215-4
한국의집,서울특별시 중구 퇴계로36길 10 한국의집
한국잡지정보관,서울특별시 영등포구 여의도동 44-31
한국종합무역센터(코엑스),서울특별시 강남구 삼성동 159
한국천주교순교자박물관,서울특별시 마포구 토정로 6(합정동)
한국체육대학교,서울특별시 송파구 방이동 88-15
한국콘텐츠진흥원역삼분원,서울특별시 강남구 논현로 525
한국학생도서관,서울특별시 중구 묵정동 18-27
한국현대문학관,서울특별시 중구 장충동2가 186-210
한국환경산업기술원,서울특별시 은평구 진흥로 215 한국환경산업기술원
한글고비,서울특별시 노원구 한글비석로 202
한글비근린공원,서울특별시 노원구 하계동 288-2
한남대교,서울특별시 강남구 신사동
한남동도서관,서울특별시 용산구 이태원로 224-19
한남제2부군당,서울특별시 용산구 장문로49길 17-10
한류스타거리,서울특별시 강남구 압구정동
한류스타홍보전시관,서울특별시 중구 다동 10
한무숙문학관,서울특별시 종로구 혜화로9길 20
한벽원미술관,서울특별시 종로구 팔판동 35-1
한복남,서울특별시 종로구 북촌로5가길 17(소격동)
한생연융합교육과학관,서울특별시 종로구 성균관로15길 32 국과인빌딩 2층
한생연인간과로봇과학관,서울특별시 송파구 올림픽로 145 5층(잠실동) 리센츠상가 5층 인간과로봇과학관
한성대학교,서울특별시 성북구 삼선동2가 389
한성대학교_상상관,서울특별시 성북구 삼선동2가 389
한성대학교_의화정,서울특별시 성북구 삼선동2가 389
한성백제박물관,서울특별시 송파구 위례성대로 71
한성여자고등학교,서울특별시 성북구 삼선교로16길 117 한성여자고등학교
한신한진(1차),서울특별시 성북구 성북로4길 52
한신한진(2차),서울특별시 성북구 성북로4길 52
한양공원표석,서울특별시 중구 회현동1가 산1-2
한양대학교_한양종합기술연구원,서울특별시 성동구 사근동 110
한양대학교박물관,서울특별시 성동구 왕십리로 222(사근동)
한양대학교서울캠퍼스,서울특별시 성동구 사근동 110
한양대학교서울캠퍼스_경제금융관,서울특별시 성동구 사근동 110
한양대학교서울캠퍼스_공업센터별관,서울특별시 성동구 사근동 110
한양대학교서울캠퍼스_노천극장,서울특별시 성동구 행당동 17-7
한양대학교서울캠퍼스_백남학술정보관,서울특별시 성동구 사근동 17
한양대학교서울캠퍼스_사범대학본관,서울특별시 성동구 행당동 17-7
한양대학교서울캠퍼스_사회과학관,서울특별시 성동구 행당동 17-7
한양대학교서울캠퍼스_산학기술관,서울특별시 성동구 사근동 110
한양대학교서울캠퍼스_신소재공학관,서울특별시 성동구 행당동 17-7
한양대학교서울캠퍼스_인문과학관,서울특별시 성동구 행당동 17-7
한양대학교서울캠퍼스_재성토목관,서울특별시 성동구 행당동 17-7
한양대학교서울캠퍼스_정몽구미래자동차연구센터,서울특별시 성동구 행당동 17-7
한양대학교서울캠퍼스_정보통신관(ITBT관),서울특별시 성동구 사근동 110
한양대학교서울캠퍼스_제2의학관,서울특별시 성동구 행당동 17-7
한양대학교서울캠퍼스_퓨전테크센터,서울특별시 성동구 사근동 110
한양대학교서울캠퍼스국제관,서울특별시 성동구 왕십리로 222
한양대학교서울캠퍼스병원_동관,서울특별시 성동구 사근동 110
한양대학교서울캠퍼스병원_서관,서울특별시 성동구 사근동 110
한양대학교서울캠퍼스병원_신관,서울특별시 성동구 사근동 110
한양대학교서울캠퍼스사범대학별관,서울특별시 성동구 왕십리로 222-1 한양대학부속병원
한양대학교서울캠퍼스신본관,서울특별시 성동구 왕십리로 222 한양대학교
한양대학교서울캠퍼스역사관(구본관),서울특별시 성동구 왕십리로 222
한양대학교서울캠퍼스학생회관,서울특별시 성동구 왕십리로 222
한양도성박물관,서울특별시 종로구 율곡로 283
한양여자대학교_디자인관,서울특별시 성동구 사근동 110
한양여자대학교_식품영양관,서울특별시 성동구 사근동 110
한양여자대학교_유아교육관,서울특별시 성동구 사근동 110
한우물,서울특별시 금천구 시흥동
한원미술관,서울특별시 서초구 서초동 1449-6
한익환서울아트박물관,서울특별시 용산구 한남동 722-9
한전아트센터,서울특별시 서초구 효령로72길 60
한전아트센터갤러리,서울특별시 서초구 서초동 1355
한화갤러리아포레,서울특별시 성동구 성수동1가 685-696
함춘원,서울특별시 종로구 연건동
해담는다리,서울특별시 서대문구 북가좌동
해방촌,서울특별시 용산구 용산동2가
해방촌신흥시장,서울특별시 용산구 용산동2가 1-480
해병대104고지전적비,서울특별시 서대문구 연희동 산100-1
햇순감리교회,서울특별시 성북구 화랑로5길 91 월곡두산위브아파트
허밍웨이길,서울특별시 서초구 반포동 117-13
허준박물관,서울특별시 강서구 가양동 26-5
헌릉과인릉,서울특별시 서초구 헌인릉길 42
헌인릉생태경관보전지역(오리나무림),서울특별시 서초구 헌인릉길 34
헤이그라운드성수시작점,서울특별시 성동구 성수동1가 22-8
헬로우뮤지움,서울특별시 성동구 성수동2가 284-22
현대2차아파트,서울특별시 은평구 신사동 355
현대그룹빌딩,서울특별시 종로구 율곡로 194
현대모터스튜디오서울,서울특별시 강남구 논현동 91.
현대백화점[목동],서울특별시 양천구 목동 916
현대백화점[무역센터],서울특별시 강남구 삼성동 159-7
현대백화점[미아],서울특별시 성북구 길음동 20-1
현대백화점[본점],서울특별시 강남구 압구정동 429
현대백화점[신촌],서울특별시 서대문구 창천동 30-33
현대백화점[천호],서울특별시 강동구 천호동 455-8
현대백화점디큐브시티점,서울특별시 구로구 신도림동 692
현대시박물관,서울특별시 종로구 혜화로3가길 4
현대시장,서울특별시 동대문구 답십리동 14-3
현대아울렛,서울특별시 금천구 디지털로10길 9
현대우리교회,서울특별시 성북구 화랑로5길 42
현대원서공원,서울특별시 종로구 원서동 181
현대카드디자인라이브러리,서울특별시 종로구 북촌로 31-18
현대카드스토리지,서울특별시 용산구 한남동 683-131
혜성교회,서울특별시 강남구 봉은사로20길 25
혜화동김상협가옥,서울특별시 종로구 혜화로6길 63 (혜화동)
혜화동주민센터,서울특별시 종로구 혜화동 74-30
혜화문(홍화문),서울특별시 종로구 혜화동
혜화아트센터,서울특별시 종로구 대학로 156 동성100주년기념관 내 혜화아트센터
혜화역,서울특별시 종로구 대학로 120 4호선 혜화역
호림박물관,서울특별시 관악구 남부순환로 152길
호림아트센터(호림박물관신사분관),서울특별시 강남구 신사동 651-24
호암아트홀,서울특별시 중구 서소문로 88 서소문빌딩
호원아트홀,서울특별시 강동구 성안로 30
호텔선샤인서울,서울특별시 강남구 도산대로 205 선샤인 관광호텔
홍대난타전용관,서울특별시 마포구 서교동 357-5
홍릉수목원,서울특별시 동대문구 청량리동 207
홍어명가,서울특별시 영등포구 신길로 200-20
홍은도담도서관,서울특별시 서대문구 홍은1동 11-7
홍은동동부센트레빌1단지,서울특별시 서대문구 통일로 553
홍익대학교,서울특별시 마포구 와우산로 94
홍익대학교대학로아트센터,서울특별시 종로구 연건동 128-8
홍익대학교대학로캠퍼스,서울특별시 종로구 대학로 57
홍익대학교박물관,서울특별시 마포구 상수동 72-1
홍익대학교서울캠퍼스_과학관,서울특별시 마포구 상수동 72-1
홍익대학교서울캠퍼스_국제교육관,서울특별시 마포구 상수동 72-1
홍익대학교서울캠퍼스_대학원,서울특별시 마포구 상수동 72-1
홍익대학교서울캠퍼스_문헌관,서울특별시 마포구 상수동 72-1
홍익대학교서울캠퍼스_와우관,서울특별시 마포구 상수동 72-1
홍익대학교서울캠퍼스_인문사회관A동,서울특별시 마포구 상수동 72-1
홍익대학교서울캠퍼스_인문사회관B동,서울특별시 마포구 상수동 72-1
홍익대학교서울캠퍼스_인문사회관C동,서울특별시 마포구 상수동 72-1
홍익대학교서울캠퍼스_인문사회관D동,서울특별시 마포구 상수동 72-1
홍익대학교서울캠퍼스_제4공학관,서울특별시 마포구 상수동 72-1
홍익대학교서울캠퍼스_학생회관,서울특별시 마포구 상수동 72-1
홍제센트럴아이파크,서울특별시 서대문구 통일로 395
홍제유연,서울특별시 서대문구 홍은동 48-84
홍파동홍난파가옥,서울특별시 종로구 홍파동 2-16
홍합밸리,서울특별시 마포구 동교동 197-10
화계사,서울특별시 강북구 화계사길 117
화랑대역-폐역,서울특별시 노원구 공릉동 29-51
화랑대철도공원,서울특별시 노원구 공릉동(공릉동)
화랑어린이공원,서울특별시 성북구 석관동 407-6
화양공원,서울특별시 광진구 아차산로31길 14
화양동주민센터,서울특별시 광진구 능동로17길 39
화양사거리,서울특별시 광진구 화양동
화양초등학교,서울특별시 광진구 군자로 9
화정박물관,서울특별시 종로구 평창동 273-1
환구단,서울특별시 중구 소공동
황학정,서울특별시 종로구 사직동 산1-1
효령대군이보묘역,서울특별시 서초구 효령로 135(방배동)
효사정,서울특별시 동작구 흑석동 141-2
효창공원_반공투사위령탑,서울특별시 용산구 효창동 255
효창공원_백범김구묘역,서울특별시 용산구 효창동 255
효창공원_삼의사묘역,서울특별시 용산구 효창동 255
효창공원_원효대사동상,서울특별시 용산구 청파동2가 134-6
효창공원_의열사,서울특별시 용산구 효창동 255
효창공원_이봉창의사동상,서울특별시 용산구 임정로 26
효창공원_임정요인묘역,서울특별시 용산구 효창동 255
효창운동장,서울특별시 용산구 효창동 3
효창종합사회복지관,서울특별시 용산구 효창동 5-65
효창파크푸르지오아파트,서울특별시 용산구 백범로 260
후암시장,서울특별시 용산구 후암동 102-32
흑석시장,서울특별시 동작구 흑석동 97-11
흥무대왕김유신사당,서울특별시 용산구 보광동 155
흥인지문,서울특별시 종로구 종로6가 69
흥인지문공원,서울특별시 종로구 종로6가 70
흥인지문공원_잔디마당,서울특별시 종로구 종로6가 70
흥인지문공원_전통정자쉼터,서울특별시 종로구 종로6가 70
흥인지문사거리,서울특별시 종로구 종로6가
흥천사,서울특별시 성북구 돈암동 595
흰물결아트센터,서울특별시 서초구 서초동 1720-4
힐스테이트 백련산2차,서울특별시 은평구 응암동 760
힐스테이트 백련산3차,서울특별시 은평구 응암동 761
힐스테이트 백련산4차,서울특별시 은평구 응암동 764
힐스테이트녹번,서울특별시 은평구 녹번동 282
힐스테이트송파위례,서울특별시 송파구 위례광장로 170
힐스테이트신촌,서울특별시 서대문구 이화여대8길 123
힐탑호텔,서울특별시 강남구 논현로 647 힐탑관광호텔
